{"stats":{"minecraft:crafted":{"minecraft:oak_planks":4,"iceandfire:armor_green_leggings":1,"magistuarmory:silver_concavehalberd":1,"mcdw:sword_frost_slayer":1,"born_in_chaos_v1:spiritual_sword":1,"magistuarmory:hilt":2,"born_in_chaos_v1:bone_handle":1,"iceandfire:armor_green_helmet":1,"mcdw:sword_broadsword":1,"knightquest:cleaver_heavy_axe":1,"magistuarmory:pole":1,"minecraft:diamond_axe":1,"iceandfire:armor_green_chestplate":1,"iceandfire:dragonbone_bow":1,"minecraft:stick":8,"minecraft:iron_block":1,"minecraft:gold_ingot":113,"minecraft:torch":84,"mcdw:sword_claymore":1,"mcdw:sword_iron_sword_var":1,"magistuarmory:leather_strip":6,"iceandfire:armor_green_boots":1},"minecraft:picked_up":{"minecraft:coarse_dirt":2,"minecraft:allium":5,"minecraft:clay_ball":8,"born_in_chaos_v1:seedof_chaos":2,"minecraft:leather_leggings":1,"minecraft:lead":1,"minecraft:packed_ice":3,"ecologics:seashell":1,"minecraft:enchanted_book":1,"soul_like_armors_reworked:darkknightsword":1,"minecraft:string":5,"ancient_elements:raw_palladium":2,"minecraft:shield":1,"iceandfire:frozen_grass":2,"iceandfire:sea_serpent_scales_blue":13,"born_in_chaos_v1:black_argillite":1,"minecraft:raw_copper":6,"epicsamurai:jade":8,"the_pillager_legion_:legion_stairs_deep":10,"minecraft:smooth_stone_slab":1,"minecraft:item_frame":1,"minecraft:cyan_carpet":2,"bloodandmadness:blood_vial":8,"minecraft:cracked_stone_bricks":2,"minecraft:cobbled_deepslate":133,"travelersbackpack:enderman":1,"minecraft:spruce_planks":1,"minecraft:white_tulip":1,"rpgsmw:redarium":1,"born_in_chaos_v1:gnawed_bones":2,"minecraft:cobblestone_slab":2,"the_pillager_legion_:legion_armor_helmet":2,"bloodandmadness:weapons/lit_torch":1,"iceandfire:ice_dragon_heart":4,"minecraft:stick":13,"minecraft:raw_iron":6,"iceandfire:dragonbone":63,"born_in_chaos_v1:shattered_skull":2,"minecraft:raw_gold_block":1,"minecraft:copper_ingot":5,"runecraft_metals_of_gielinor:raw_adamantite":3,"minecraft:torch":12,"minecraft:acacia_log":2,"epicfight:diamond_greatsword":1,"minecraft:porkchop":9,"epicfight:skillbook":4,"ancient_elements:raw_tin":1,"minecraft:pointed_dripstone":1,"born_in_chaos_v1:pieceofdarkmetal":3,"soul_like_armors_reworked:rustysteel_helmet":2,"minecraft:golden_chestplate":2,"bloodandmadness:beastblood_clump":2,"iceandfire:dragon_skull_ice":6,"minecraft:rotten_flesh":19,"soul_like_armors_reworked:estusflask":42,"iceandfire:sea_serpent_scales_purple":11,"iceandfire:cyclops_eye":1,"minecraft:diamond_chestplate":1,"the_pillager_legion_:legion_stone":1,"minecraft:hay_block":16,"minecraft:deepslate_bricks":3,"bloodandmadness:sanguisteel_nugget":1,"the_pillager_legion_:legion_disc_blocky_world":1,"minecraft:pink_tulip":2,"minecraft:gold_ingot":2,"the_pillager_legion_:legion_armor_boots":1,"projectvibrantjourneys:cattail":3,"rpgsmw:edmantium":1,"supplementaries:ash":1,"runecraft_metals_of_gielinor:raw_runite":24,"minecraft:glow_berries":4,"minecraft:mutton":3,"minecraft:cod":1,"bloodandmadness:blood_stone_shard":1,"minecraft:snowball":30,"minecraft:skeleton_skull":2,"minecraft:cobblestone":103,"born_in_chaos_v1:fused_bone":1,"minecraft:pink_petals":7,"born_in_chaos_v1:corpse_maggot":4,"minecraft:feather":5,"minecraft:clock":1,"minecraft:cooked_beef":5,"iceandfire:sea_serpent_fang":6,"born_in_chaos_v1:monster_flesh":3,"minecraft:iron_door":1,"minecraft:jungle_log":1,"soul_like_armors_reworked:darkknighttrident":2,"minecraft:leather":2,"minecraft:music_disc_stal":1,"gamma_beasts:prehnite":6,"runecraft_metals_of_gielinor:raw_tin":22,"minecraft:oak_log":1,"the_pillager_legion_:legion_cut_stone_3":22,"minecraft:gunpowder":2,"iceandfire:dragonscales_blue":4,"minecraft:lapis_lazuli":19,"born_in_chaos_v1:monster_skin":3,"born_in_chaos_v1:marigolds":4,"soul_like_armors_reworked:rustyshield":1,"minecraft:bone":34,"minecraft:apple":1,"minecraft:stone_bricks":28,"minecraft:wheat_seeds":9,"minecraft:raw_gold":1,"minecraft:iron_ingot":1,"weapons_deluxe:rubigem":5,"the_pillager_legion_:legion_deep":5,"runecraft_metals_of_gielinor:anthracite":16,"minecraft:moss_block":6,"epicsamurai:onyx":8,"minecraft:cooked_porkchop":13,"the_pillager_legion_:legion_flaming_sword":1,"the_pillager_legion_:legion_cut_stone":1,"born_in_chaos_v1:ethereal_spirit":11,"iceandfire:dragonscales_sapphire":21,"minecraft:raw_iron_block":8,"minecraft:poisonous_potato":1,"born_in_chaos_v1:dark_rod":5,"soul_like_armors_reworked:dark_knight_leggings":1,"minecraft:ink_sac":1,"the_pillager_legion_:legion_axe_tpl":1,"minecraft:mossy_cobblestone":4,"soul_like_armors_reworked:rustysteelmace":5,"minecraft:barrel":1,"minecraft:spider_eye":2,"minecraft:dried_kelp_block":29,"soul_like_armors_reworked:dark_knight_chestplate":1,"minecraft:diamond":5,"runecraft_metals_of_gielinor:raw_mithril":5,"knightquest:small_essence":13,"minecraft:blue_ice":1,"minecraft:cherry_sapling":13,"minecraft:coal":5,"iceandfire:ice_dragon_flesh":20,"iceandfire:silver_nugget":78,"soul_like_armors_reworked:rustysteel_leggings":1,"epicsamurai:ruby":4,"minecraft:ender_pearl":1},"minecraft:used":{"iceandfire:dragon_skull_ice":1,"soul_like_armors_reworked:estusflask":53,"ring_of_teleport:ring_of_teleport":8,"minecraft:torch":50,"minecraft:golden_shovel":32,"minecraft:wooden_axe":2,"knightquest:cleaver_heavy_axe":19,"minecraft:grass_block":1,"epicfight:diamond_greatsword":89,"minecraft:written_book":3,"iceandfire:dragonbone_pickaxe":465,"travelersbackpack:enderman":2,"born_in_chaos_v1:trident_hayfork":7,"minecraft:cooked_mutton":1,"mcdw:sword_frost_slayer":7,"epicfight:skillbook":26,"minecraft:baked_potato":5,"minecraft:mossy_cobblestone":4,"minecraft:diamond_pickaxe":142,"born_in_chaos_v1:spiritual_sword":26,"minecraft:wooden_hoe":3,"the_pillager_legion_:legion_flaming_sword":1,"iceandfire:dragonbone_bow":485,"minecraft:enchanted_book":1,"minecraft:cobblestone":3,"minecraft:cooked_porkchop":30,"farmersdelight:fruit_salad":4,"heartstone:heartstone":11},"minecraft:killed":{"born_in_chaos_v1:zombie_clown":1,"born_in_chaos_v1:zombie_lumberjack":1,"born_in_chaos_v1:restless_spirit":1,"born_in_chaos_v1:skeleton_demoman":1,"bloodandmadness:cloaked_beast_patient":5,"alexsmobs:tiger":2,"minecraft:spider":7,"minecraft:vindicator":1,"born_in_chaos_v1:zombie_bruiser":2,"alexsmobs:froststalker":1,"born_in_chaos_v1:baby_skeleton_minion":1,"creeperoverhaul:dripstone_creeper":1,"born_in_chaos_v1:maggot":13,"born_in_chaos_v1:scarlet_persecutor":7,"minecraft:skeleton":16,"bloodandmadness:beast_patient":8,"bloodandmadness:church_doctor_scythe":1,"bloodandmadness:huntsman_axe":2,"born_in_chaos_v1:skeleton_thrasher":1,"born_in_chaos_v1:firelight_not_despawn":1,"born_in_chaos_v1:fallen_chaos_knight":1,"born_in_chaos_v1:spirit_guide":1,"minecraft:husk":1,"born_in_chaos_v1:bonescaller":1,"farlanders:rebel":1,"iceandfire:cyclops":1,"born_in_chaos_v1:diamond_termite":1,"born_in_chaos_v1:baby_skeleton":1,"born_in_chaos_v1:spirit_guide_assistant":2,"minecraft:hoglin":3,"minecraft:creeper":2,"born_in_chaos_v1:decrepit_skeleton":7,"the_pillager_legion_:veteran_infantryman_tpl":55,"minecraft:pillager":9,"cataclysm:deepling_brute":1,"born_in_chaos_v1:decaying_zombie":3,"minecraft:zombie":54,"born_in_chaos_v1:dread_hound":5,"born_in_chaos_v1:corpse_fly":3,"born_in_chaos_v1:dark_vortex":2,"iceandfire:ice_dragon":4,"alexsmobs:fly":1,"the_pillager_legion_:infantryman_tpl":24,"born_in_chaos_v1:door_knight":1,"minecraft:player":1,"born_in_chaos_v1:siamese_skeletonsleft":1,"iceandfire:sea_serpent":2},"minecraft:mined":{"minecraft:spruce_planks":1,"minecraft:mossy_cobblestone":4,"epicsamurai:deepslate_onyx_ore":6,"minecraft:deepslate_diamond_ore":5,"projectvibrantjourneys:rocks":1,"born_in_chaos_v1:infected_diamond_ore":1,"ecologics:surface_moss":1,"minecraft:cave_vines_plant":2,"runecraft_metals_of_gielinor:runite_ore":6,"gravestone:gravestone":1,"runecraft_metals_of_gielinor:deepslate_runite_ore":18,"minecraft:grass_block":1,"runecraft_metals_of_gielinor:deepslate_tin_ore":1,"iceandfire:frozen_grass":2,"the_pillager_legion_:legion_cut_deep_3":2,"minecraft:deepslate_bricks":4,"minecraft:moss_block":8,"minecraft:spawner":25,"minecraft:hay_block":16,"epicsamurai:onyx_ore":2,"minecraft:raw_iron_block":3,"minecraft:sculk_catalyst":3,"minecraft:iron_ore":2,"minecraft:fire":1,"minecraft:barrel":1,"minecraft:snow":29,"gamma_beasts:prehnite_ore":6,"ancient_elements:tin_ore":1,"minecraft:deepslate_lapis_ore":3,"runecraft_metals_of_gielinor:deepslate_adamantite_ore":2,"minecraft:bookshelf":2,"minecraft:cave_vines":2,"minecraft:deepslate_iron_ore":6,"minecraft:cobblestone_slab":1,"ancient_elements:palladium_ore":2,"minecraft:small_amethyst_bud":1,"runecraft_metals_of_gielinor:anthracite_ore":16,"runecraft_metals_of_gielinor:deepslate_mithril_ore":5,"minecraft:stone":134,"weapons_deluxe:deepslaterubiore":5,"epicsamurai:jade_ore":8,"the_pillager_legion_:legion_stone":1,"minecraft:red_wool":2,"supplementaries:book_pile":1,"minecraft:medium_amethyst_bud":1,"minecraft:brown_carpet":1,"iceandfire:dragon_ice_spikes":3,"minecraft:clay":8,"the_pillager_legion_:legion_deep":5,"minecraft:chest":1,"minecraft:dead_bush":1,"minecraft:sculk_sensor":2,"minecraft:copper_ore":1,"minecraft:tall_grass":2,"minecraft:cobblestone":2,"minecraft:dried_kelp_block":30,"minecraft:deepslate_gold_ore":1,"minecraft:sculk":11,"minecraft:iron_door":1,"minecraft:wall_torch":7,"minecraft:deepslate_copper_ore":1,"minecraft:coarse_dirt":2,"ecologics:seashell":1,"rpgsmw:mineral_ore":2,"minecraft:blue_ice":1,"runecraft_metals_of_gielinor:tin_ore":23,"minecraft:smooth_stone_slab":2,"minecraft:grass":2,"minecraft:coal_ore":3,"projectvibrantjourneys:short_grass":2,"minecraft:cyan_carpet":2,"minecraft:gravel":1,"minecraft:cracked_stone_bricks":8,"minecraft:stone_bricks":36,"epicsamurai:ruby_ore":6,"minecraft:deepslate":167,"minecraft:mossy_stone_bricks":8,"pots_and_mimics:treasure_pot":5,"minecraft:fern":1},"minecraft:killed_by":{"minecraft:zombie":1},"minecraft:custom":{"minecraft:mob_kills":265,"minecraft:interact_with_anvil":11,"minecraft:interact_with_crafting_table":6,"minecraft:open_barrel":362,"minecraft:damage_dealt_resisted":3161,"minecraft:leave_game":3,"minecraft:time_since_death":153710,"minecraft:climb_one_cm":22272,"minecraft:sprint_one_cm":1469238,"minecraft:walk_one_cm":1217365,"minecraft:drop":37,"minecraft:damage_dealt_absorbed":375,"minecraft:play_time":264100,"minecraft:sneak_time":945,"minecraft:deaths":1,"minecraft:walk_under_water_one_cm":100204,"minecraft:jump":1491,"minecraft:interact_with_blast_furnace":1,"minecraft:walk_on_water_one_cm":123116,"minecraft:enchant_item":3,"minecraft:total_world_time":264100,"minecraft:interact_with_furnace":5,"minecraft:sleep_in_bed":3,"minecraft:time_since_rest":81376,"minecraft:damage_taken":3793,"minecraft:damage_dealt":7908,"minecraft:swim_one_cm":265874,"minecraft:fly_one_cm":256953,"minecraft:player_kills":1,"minecraft:open_chest":193,"minecraft:crouch_one_cm":599,"minecraft:interact_with_smoker":1,"minecraft:fall_one_cm":28146},"minecraft:dropped":{"the_pillager_legion_:legion_armor_helmet":1,"epicfight:diamond_greatsword":1,"the_pillager_legion_:legion_flaming_sword":1,"minecraft:cooked_porkchop":17,"minecraft:stick":1,"minecraft:torch":9,"minecraft:snowball":1,"ring_of_teleport:ring_of_teleport":3,"minecraft:coarse_dirt":1,"born_in_chaos_v1:seedof_chaos":1,"epicfight:skillbook":1},"minecraft:broken":{"iceandfire:armor_green_boots":1,"minecraft:golden_shovel":1,"iceandfire:armor_green_helmet":1}},"DataVersion":3465}