{"stats":{"minecraft:killed":{"born_in_chaos_v1:zombie_clown":2,"minecraft:cave_spider":2,"born_in_chaos_v1:zombie_lumberjack":1,"born_in_chaos_v1:restless_spirit":1,"born_in_chaos_v1:skeleton_demoman":1,"minecraft:spider":7,"alexsmobs:froststalker":1,"born_in_chaos_v1:baby_skeleton_minion":1,"creeperoverhaul:dripstone_creeper":1,"born_in_chaos_v1:scarlet_persecutor":15,"minecraft:skeleton":19,"bloodandmadness:beast_patient":9,"born_in_chaos_v1:skeleton_thrasher":1,"born_in_chaos_v1:firelight_not_despawn":1,"born_in_chaos_v1:bonescaller":1,"farlanders:rebel":1,"born_in_chaos_v1:diamond_termite":6,"born_in_chaos_v1:glutton_fish":1,"minecraft:creeper":2,"minecraft:pillager":9,"cataclysm:deepling_brute":1,"minecraft:zombie":55,"born_in_chaos_v1:dread_hound":5,"born_in_chaos_v1:corpse_fly":6,"alexsmobs:fly":1,"born_in_chaos_v1:door_knight":1,"iceandfire:sea_serpent":2,"born_in_chaos_v1:siamese_skeletonsleft":1,"bloodandmadness:church_doctor":1,"bloodandmadness:cloaked_beast_patient":5,"the_pillager_legion_:gladuisman_tpl":5,"alexsmobs:tiger":2,"minecraft:vindicator":1,"born_in_chaos_v1:zombie_bruiser":2,"born_in_chaos_v1:maggot":19,"iceandfire:fire_dragon":1,"bloodandmadness:church_doctor_scythe":1,"bloodandmadness:huntsman_axe":2,"born_in_chaos_v1:corpse_fish":1,"minecraft:drowned":1,"minecraft:husk":2,"born_in_chaos_v1:fallen_chaos_knight":2,"born_in_chaos_v1:spirit_guide":1,"alexsmobs:guster":3,"iceandfire:cyclops":1,"born_in_chaos_v1:baby_skeleton":1,"born_in_chaos_v1:spirit_guide_assistant":2,"ancient_elements:aetherial_glaze":1,"minecraft:hoglin":3,"born_in_chaos_v1:decrepit_skeleton":9,"the_pillager_legion_:veteran_infantryman_tpl":56,"born_in_chaos_v1:decaying_zombie":4,"born_in_chaos_v1:dark_vortex":2,"iceandfire:ice_dragon":4,"the_pillager_legion_:infantryman_tpl":27,"minecraft:player":1},"minecraft:killed_by":{"minecraft:zombie":1},"minecraft:picked_up":{"minecraft:lead":1,"minecraft:enchanted_book":1,"ancient_elements:raw_palladium":2,"born_in_chaos_v1:black_argillite":1,"minecraft:string":10,"minecraft:raw_copper":6,"minecraft:smooth_stone_slab":1,"minecraft:armor_stand":4,"minecraft:cobbled_deepslate":133,"travelersbackpack:enderman":1,"minecraft:spruce_planks":1,"minecraft:white_tulip":1,"rpgsmw:redarium":1,"minecraft:cobblestone_slab":2,"runecraft_metals_of_gielinor:runite_armor_helmet":1,"the_pillager_legion_:legion_armor_helmet":2,"minecraft:stick":17,"born_in_chaos_v1:shattered_skull":2,"minecraft:torch":14,"minecraft:acacia_log":2,"epicfight:diamond_greatsword":1,"epicfight:skillbook":5,"minecraft:porkchop":9,"minecraft:pointed_dripstone":1,"minecraft:golden_chestplate":2,"minecraft:rotten_flesh":28,"the_pillager_legion_:legion_stone":1,"iceandfire:fire_dragon_heart":1,"gamma_beasts:coal_nugget":6,"projectvibrantjourneys:cattail":3,"supplementaries:ash":2,"rpgsmw:edmantium":1,"runecraft_metals_of_gielinor:raw_runite":47,"bloodandmadness:blood_stone_shard":1,"minecraft:cod":1,"minecraft:snowball":30,"minecraft:cobblestone":251,"minecraft:pink_petals":7,"minecraft:feather":5,"minecraft:cooked_beef":5,"the_pillager_legion_:legion_sword_tpl":1,"minecraft:iron_door":1,"minecraft:jungle_log":1,"gamma_beasts:prehnite":6,"ancient_elements:raw_lead":4,"runecraft_metals_of_gielinor:runite_armor_leggings":1,"the_pillager_legion_:legion_cut_stone_3":22,"minecraft:lapis_lazuli":73,"minecraft:dirt":34,"born_in_chaos_v1:monster_skin":3,"born_in_chaos_v1:marigolds":4,"minecraft:bone":40,"minecraft:wheat_seeds":9,"minecraft:raw_gold":1,"minecraft:moss_block":8,"epicsamurai:raw_silver":10,"minecraft:oak_planks":2,"ancient_elements:aether_rod":2,"minecraft:cooked_porkchop":13,"runecraft_metals_of_gielinor:runite_armor_boots":1,"the_pillager_legion_:legion_flaming_sword":1,"the_pillager_legion_:legion_cut_stone":1,"iceandfire:dragonscales_sapphire":21,"minecraft:poisonous_potato":1,"minecraft:sand":109,"iceandfire:dragon_skull_fire":1,"minecraft:stripped_spruce_log":1,"soul_like_armors_reworked:dark_knight_leggings":1,"minecraft:ink_sac":1,"minecraft:barrel":2,"minecraft:mossy_cobblestone":4,"minecraft:diamond":5,"runecraft_metals_of_gielinor:raw_mithril":12,"minecraft:blue_ice":1,"knightquest:small_essence":13,"epicsamurai:ruby":37,"iceandfire:silver_nugget":78,"minecraft:coarse_dirt":2,"born_in_chaos_v1:diamond_termite_shard":5,"minecraft:allium":5,"minecraft:clay_ball":29,"born_in_chaos_v1:seedof_chaos":2,"minecraft:leather_leggings":1,"minecraft:packed_ice":3,"ecologics:seashell":1,"runecraft_metals_of_gielinor:runite_armor_chestplate":1,"soul_like_armors_reworked:darkknightsword":1,"minecraft:shield":1,"iceandfire:sea_serpent_scales_blue":13,"iceandfire:frozen_grass":2,"minecraft:moss_carpet":1,"born_in_chaos_v1:intoxicating_decoction":2,"minecraft:item_frame":1,"the_pillager_legion_:legion_stairs_deep":10,"epicsamurai:jade":8,"minecraft:cyan_carpet":2,"bloodandmadness:blood_vial":10,"minecraft:cracked_stone_bricks":2,"born_in_chaos_v1:gnawed_bones":2,"bloodandmadness:weapons/lit_torch":1,"iceandfire:ice_dragon_heart":4,"iceandfire:dragonscales_green":42,"minecraft:raw_iron":6,"ancient_elements:raw_steel":4,"iceandfire:dragonbone":91,"minecraft:raw_gold_block":1,"minecraft:copper_ingot":5,"runecraft_metals_of_gielinor:raw_adamantite":3,"ancient_elements:raw_tin":1,"born_in_chaos_v1:pieceofdarkmetal":7,"soul_like_armors_reworked:rustysteel_helmet":2,"bloodandmadness:beastblood_clump":2,"iceandfire:dragon_skull_ice":6,"soul_like_armors_reworked:estusflask":44,"iceandfire:sea_serpent_scales_purple":11,"iceandfire:cyclops_eye":1,"minecraft:diamond_chestplate":1,"minecraft:deepslate_bricks":5,"minecraft:hay_block":16,"the_pillager_legion_:legion_disc_blocky_world":1,"bloodandmadness:sanguisteel_nugget":2,"minecraft:pink_tulip":2,"the_pillager_legion_:legion_armor_boots":1,"minecraft:gold_ingot":2,"minecraft:glow_berries":4,"minecraft:mutton":3,"minecraft:skeleton_skull":3,"minecraft:bone_block":41,"born_in_chaos_v1:fused_bone":1,"iceandfire:dragonegg_green":1,"born_in_chaos_v1:corpse_maggot":9,"minecraft:clock":1,"iceandfire:sea_serpent_fang":6,"born_in_chaos_v1:monster_flesh":3,"minecraft:leather":2,"soul_like_armors_reworked:darkknighttrident":2,"minecraft:music_disc_stal":1,"runecraft_metals_of_gielinor:raw_tin":31,"minecraft:oak_log":1,"minecraft:gunpowder":2,"iceandfire:dragonscales_blue":4,"soul_like_armors_reworked:rustyshield":1,"minecraft:apple":1,"minecraft:stone_bricks":28,"minecraft:iron_ingot":1,"the_pillager_legion_:legion_deep":5,"weapons_deluxe:rubigem":10,"runecraft_metals_of_gielinor:anthracite":16,"iceandfire:fire_dragon_flesh":17,"twilightforest:mangrove_sapling":1,"epicsamurai:onyx":8,"born_in_chaos_v1:ethereal_spirit":15,"minecraft:raw_iron_block":8,"born_in_chaos_v1:dark_rod":5,"the_pillager_legion_:legion_axe_tpl":1,"soul_like_armors_reworked:rustysteelmace":6,"minecraft:spider_eye":2,"minecraft:dried_kelp_block":29,"soul_like_armors_reworked:dark_knight_chestplate":1,"minecraft:cherry_sapling":13,"iceandfire:ice_dragon_flesh":20,"minecraft:terracotta":23,"soul_like_armors_reworked:rustysteel_leggings":1,"minecraft:coal":17,"minecraft:ender_pearl":1},"minecraft:used":{"minecraft:iron_shovel":107,"iceandfire:dragon_skull_ice":1,"ring_of_teleport:ring_of_teleport":8,"minecraft:glass":4,"knightquest:cleaver_heavy_axe":19,"minecraft:grass_block":1,"epicfight:diamond_greatsword":89,"minecraft:written_book":3,"travelersbackpack:enderman":4,"mcdw:sword_frost_slayer":93,"epicfight:skillbook":27,"minecraft:ender_pearl":1,"born_in_chaos_v1:spiritual_sword":26,"the_pillager_legion_:legion_flaming_sword":1,"iceandfire:dragon_skull_fire":1,"minecraft:bone_meal":7,"heartstone:heartstone":18,"runecraft_metals_of_gielinor:runite_sword":25,"soul_like_armors_reworked:estusflask":53,"minecraft:torch":67,"minecraft:dirt":59,"minecraft:golden_shovel":32,"minecraft:wooden_axe":2,"minecraft:barrel":3,"iceandfire:dragonbone_pickaxe":630,"born_in_chaos_v1:trident_hayfork":7,"minecraft:cooked_mutton":1,"minecraft:baked_potato":5,"minecraft:mossy_cobblestone":4,"minecraft:wooden_hoe":3,"minecraft:diamond_pickaxe":142,"iceandfire:dragonbone_bow":543,"twilightforest:mangrove_sapling":2,"minecraft:enchanted_book":1,"minecraft:cobblestone":3,"minecraft:cooked_porkchop":52,"farmersdelight:fruit_salad":4},"minecraft:crafted":{"minecraft:oak_planks":4,"epicsamurai:silver_ingot":10,"magistuarmory:silver_concavehalberd":1,"runecraft_metals_of_gielinor:runite_sword":1,"minecraft:glass":64,"iceandfire:armor_green_helmet":1,"knightquest:cleaver_heavy_axe":1,"magistuarmory:pole":1,"minecraft:diamond_axe":1,"minecraft:spruce_planks":4,"iceandfire:armor_green_chestplate":1,"iceandfire:dragonbone_bow":1,"minecraft:stick":12,"minecraft:iron_block":1,"minecraft:gold_ingot":113,"magistuarmory:leather_strip":6,"mcdw:sword_iron_sword_var":1,"mcdw:sword_claymore":1,"iceandfire:armor_green_leggings":1,"ancient_elements:steel_ingot":4,"mcdw:sword_frost_slayer":1,"minecraft:bone_meal":30,"born_in_chaos_v1:spiritual_sword":1,"magistuarmory:hilt":2,"born_in_chaos_v1:bone_handle":1,"born_in_chaos_v1:fried_maggot":9,"mcdw:sword_broadsword":1,"minecraft:air":0,"runecraft_metals_of_gielinor:tin_ingot":31,"runecraft_metals_of_gielinor:runite_ingot":41,"minecraft:iron_shovel":1,"minecraft:torch":84,"iceandfire:armor_green_boots":1},"minecraft:broken":{"minecraft:golden_shovel":1,"iceandfire:armor_green_helmet":1,"iceandfire:armor_green_boots":1},"minecraft:custom":{"minecraft:interact_with_crafting_table":6,"minecraft:open_barrel":442,"minecraft:leave_game":5,"minecraft:time_since_death":263942,"minecraft:sprint_one_cm":1943194,"minecraft:drop":41,"minecraft:play_time":374332,"minecraft:deaths":1,"minecraft:jump":2126,"minecraft:walk_on_water_one_cm":179023,"minecraft:enchant_item":8,"minecraft:interact_with_furnace":7,"minecraft:sleep_in_bed":7,"minecraft:damage_dealt":14563,"minecraft:player_kills":1,"minecraft:crouch_one_cm":1124,"minecraft:interact_with_smoker":1,"minecraft:interact_with_anvil":11,"minecraft:mob_kills":318,"minecraft:damage_dealt_resisted":3161,"minecraft:climb_one_cm":37128,"minecraft:walk_one_cm":1615075,"minecraft:damage_dealt_absorbed":375,"minecraft:sneak_time":1201,"minecraft:walk_under_water_one_cm":305753,"minecraft:interact_with_blast_furnace":13,"minecraft:total_world_time":374332,"minecraft:time_since_rest":7072,"minecraft:damage_taken":5231,"minecraft:swim_one_cm":1208720,"minecraft:fly_one_cm":444699,"minecraft:open_chest":208,"minecraft:fall_one_cm":39230},"minecraft:dropped":{"the_pillager_legion_:legion_flaming_sword":1,"minecraft:moss_block":1,"minecraft:cooked_porkchop":17,"minecraft:snowball":1,"ring_of_teleport:ring_of_teleport":3,"born_in_chaos_v1:seedof_chaos":1,"minecraft:skeleton_skull":1,"born_in_chaos_v1:corpse_maggot":4,"the_pillager_legion_:legion_armor_helmet":1,"epicfight:diamond_greatsword":1,"minecraft:stick":2,"minecraft:torch":9,"minecraft:coarse_dirt":1,"epicfight:skillbook":1},"minecraft:mined":{"minecraft:spruce_planks":1,"iceandfire:myrmex_resin_desert":1,"ecologics:surface_moss":1,"minecraft:cave_vines_plant":2,"runecraft_metals_of_gielinor:runite_ore":29,"runecraft_metals_of_gielinor:deepslate_runite_ore":18,"minecraft:grass_block":1,"epicsamurai:silver_ore":5,"runecraft_metals_of_gielinor:deepslate_tin_ore":1,"minecraft:deepslate_bricks":6,"minecraft:spawner":29,"minecraft:raw_iron_block":3,"minecraft:sculk_catalyst":3,"minecraft:fire":1,"minecraft:iron_ore":2,"minecraft:barrel":2,"ancient_elements:tin_ore":1,"minecraft:deepslate_lapis_ore":3,"minecraft:cave_vines":2,"minecraft:small_amethyst_bud":1,"epicsamurai:deepslate_silver_ore":5,"runecraft_metals_of_gielinor:deepslate_mithril_ore":5,"weapons_deluxe:deepslaterubiore":5,"minecraft:cyan_terracotta":1,"supplementaries:book_pile":1,"minecraft:medium_amethyst_bud":1,"iceandfire:dragon_ice_spikes":3,"minecraft:clay":8,"the_pillager_legion_:legion_deep":5,"minecraft:chest":1,"minecraft:dead_bush":6,"minecraft:glass":4,"minecraft:cobblestone":2,"minecraft:oak_planks":2,"minecraft:iron_door":1,"minecraft:wall_torch":7,"minecraft:deepslate_copper_ore":1,"ecologics:seashell":1,"epicsamurai:aquamarine_ore":3,"minecraft:blue_ice":2,"minecraft:smooth_stone_slab":2,"runecraft_metals_of_gielinor:tin_ore":31,"minecraft:grass":2,"projectvibrantjourneys:short_grass":2,"minecraft:sand":104,"minecraft:dirt":3,"minecraft:deepslate":167,"ancient_elements:lead_ore":4,"minecraft:mossy_cobblestone":4,"epicsamurai:deepslate_onyx_ore":6,"minecraft:deepslate_diamond_ore":5,"projectvibrantjourneys:rocks":1,"born_in_chaos_v1:infected_diamond_ore":4,"gravestone:gravestone":1,"iceandfire:frozen_grass":2,"the_pillager_legion_:legion_cut_deep_3":2,"weapons_deluxe:rubiore":2,"minecraft:moss_block":9,"minecraft:hay_block":16,"epicsamurai:onyx_ore":2,"minecraft:snow":29,"gamma_beasts:prehnite_ore":6,"minecraft:stripped_spruce_log":1,"runecraft_metals_of_gielinor:deepslate_adamantite_ore":2,"minecraft:bookshelf":2,"minecraft:deepslate_iron_ore":6,"minecraft:cobblestone_slab":1,"ancient_elements:palladium_ore":2,"runecraft_metals_of_gielinor:anthracite_ore":16,"minecraft:stone":156,"ancient_elements:steel_ore":4,"epicsamurai:jade_ore":8,"minecraft:red_wool":2,"the_pillager_legion_:legion_stone":1,"twilightforest:mangrove_sapling":1,"minecraft:brown_carpet":1,"minecraft:sculk_sensor":2,"minecraft:tall_grass":4,"minecraft:copper_ore":1,"minecraft:lapis_ore":8,"minecraft:dried_kelp_block":30,"minecraft:deepslate_gold_ore":1,"minecraft:sculk":11,"runecraft_metals_of_gielinor:mithril_ore":8,"minecraft:coarse_dirt":3,"rpgsmw:mineral_ore":2,"minecraft:coal_ore":6,"minecraft:gravel":1,"minecraft:cyan_carpet":2,"minecraft:cobweb":5,"minecraft:cracked_stone_bricks":8,"minecraft:terracotta":24,"minecraft:stone_bricks":36,"minecraft:mossy_stone_bricks":8,"pots_and_mimics:treasure_pot":5,"minecraft:fern":1,"epicsamurai:ruby_ore":25}},"DataVersion":3465}