{"stats":{"minecraft:killed":{"born_in_chaos_v1:zombie_clown":1,"born_in_chaos_v1:zombie_lumberjack":1,"born_in_chaos_v1:restless_spirit":1,"born_in_chaos_v1:skeleton_demoman":1,"bloodandmadness:cloaked_beast_patient":4,"alexsmobs:tiger":2,"minecraft:spider":7,"minecraft:vindicator":1,"born_in_chaos_v1:zombie_bruiser":2,"alexsmobs:froststalker":1,"born_in_chaos_v1:baby_skeleton_minion":1,"born_in_chaos_v1:maggot":5,"born_in_chaos_v1:scarlet_persecutor":7,"minecraft:skeleton":14,"bloodandmadness:beast_patient":8,"bloodandmadness:church_doctor_scythe":1,"bloodandmadness:huntsman_axe":2,"born_in_chaos_v1:skeleton_thrasher":1,"born_in_chaos_v1:firelight_not_despawn":1,"born_in_chaos_v1:fallen_chaos_knight":1,"born_in_chaos_v1:spirit_guide":1,"minecraft:husk":1,"born_in_chaos_v1:bonescaller":1,"farlanders:rebel":1,"iceandfire:cyclops":1,"born_in_chaos_v1:diamond_termite":1,"born_in_chaos_v1:baby_skeleton":1,"born_in_chaos_v1:spirit_guide_assistant":2,"minecraft:hoglin":3,"minecraft:creeper":2,"born_in_chaos_v1:decrepit_skeleton":6,"minecraft:pillager":9,"cataclysm:deepling_brute":1,"born_in_chaos_v1:decaying_zombie":3,"minecraft:zombie":54,"born_in_chaos_v1:dread_hound":5,"born_in_chaos_v1:corpse_fly":3,"born_in_chaos_v1:dark_vortex":2,"iceandfire:ice_dragon":4,"alexsmobs:fly":1,"born_in_chaos_v1:door_knight":1,"minecraft:player":1,"iceandfire:sea_serpent":2,"born_in_chaos_v1:siamese_skeletonsleft":1},"minecraft:mined":{"minecraft:spruce_planks":1,"minecraft:mossy_cobblestone":4,"projectvibrantjourneys:rocks":1,"born_in_chaos_v1:infected_diamond_ore":1,"minecraft:cave_vines_plant":1,"gravestone:gravestone":1,"minecraft:grass_block":1,"iceandfire:frozen_grass":2,"minecraft:spawner":23,"minecraft:hay_block":16,"minecraft:sculk_catalyst":3,"minecraft:fire":1,"minecraft:barrel":1,"minecraft:snow":29,"minecraft:bookshelf":2,"minecraft:cobblestone_slab":1,"minecraft:cave_vines":2,"minecraft:deepslate_iron_ore":2,"minecraft:small_amethyst_bud":1,"minecraft:stone":25,"minecraft:red_wool":2,"supplementaries:book_pile":1,"minecraft:medium_amethyst_bud":1,"minecraft:brown_carpet":1,"iceandfire:dragon_ice_spikes":3,"minecraft:dead_bush":1,"minecraft:sculk_sensor":2,"minecraft:tall_grass":1,"minecraft:cobblestone":2,"minecraft:dried_kelp_block":30,"minecraft:sculk":11,"minecraft:iron_door":1,"minecraft:wall_torch":2,"minecraft:coarse_dirt":2,"ecologics:seashell":1,"minecraft:blue_ice":1,"minecraft:smooth_stone_slab":2,"minecraft:grass":2,"projectvibrantjourneys:short_grass":2,"minecraft:cyan_carpet":2,"minecraft:gravel":1,"minecraft:cracked_stone_bricks":8,"minecraft:stone_bricks":36,"minecraft:mossy_stone_bricks":8,"minecraft:fern":1,"pots_and_mimics:treasure_pot":4,"minecraft:deepslate":1,"epicsamurai:ruby_ore":6},"minecraft:crafted":{"iceandfire:armor_green_leggings":1,"mcdw:sword_frost_slayer":1,"born_in_chaos_v1:spiritual_sword":1,"born_in_chaos_v1:bone_handle":1,"iceandfire:armor_green_helmet":1,"mcdw:sword_broadsword":1,"knightquest:cleaver_heavy_axe":1,"minecraft:diamond_axe":1,"iceandfire:armor_green_chestplate":1,"iceandfire:dragonbone_bow":1,"minecraft:iron_block":1,"minecraft:gold_ingot":113,"minecraft:torch":8,"mcdw:sword_claymore":1,"mcdw:sword_iron_sword_var":1,"iceandfire:armor_green_boots":1},"minecraft:dropped":{"minecraft:cooked_porkchop":17,"minecraft:snowball":1,"ring_of_teleport:ring_of_teleport":3,"minecraft:coarse_dirt":1,"born_in_chaos_v1:seedof_chaos":1,"epicfight:skillbook":1},"minecraft:killed_by":{"minecraft:zombie":1},"minecraft:picked_up":{"minecraft:coarse_dirt":2,"minecraft:allium":5,"minecraft:leather_leggings":1,"born_in_chaos_v1:seedof_chaos":2,"ecologics:seashell":1,"minecraft:lead":1,"minecraft:packed_ice":3,"minecraft:enchanted_book":1,"soul_like_armors_reworked:darkknightsword":1,"minecraft:shield":1,"iceandfire:sea_serpent_scales_blue":13,"iceandfire:frozen_grass":2,"minecraft:string":5,"minecraft:raw_copper":6,"minecraft:smooth_stone_slab":1,"minecraft:item_frame":1,"minecraft:cyan_carpet":2,"bloodandmadness:blood_vial":8,"minecraft:cracked_stone_bricks":2,"travelersbackpack:enderman":1,"minecraft:spruce_planks":1,"minecraft:white_tulip":1,"minecraft:cobblestone_slab":2,"born_in_chaos_v1:gnawed_bones":2,"bloodandmadness:weapons/lit_torch":1,"iceandfire:ice_dragon_heart":4,"minecraft:stick":12,"iceandfire:dragonbone":63,"born_in_chaos_v1:shattered_skull":2,"minecraft:acacia_log":2,"minecraft:torch":2,"minecraft:porkchop":9,"epicfight:skillbook":4,"born_in_chaos_v1:pieceofdarkmetal":3,"soul_like_armors_reworked:rustysteel_helmet":1,"minecraft:golden_chestplate":2,"bloodandmadness:beastblood_clump":2,"iceandfire:dragon_skull_ice":6,"minecraft:rotten_flesh":19,"soul_like_armors_reworked:estusflask":32,"iceandfire:sea_serpent_scales_purple":11,"iceandfire:cyclops_eye":1,"minecraft:diamond_chestplate":1,"minecraft:hay_block":16,"bloodandmadness:sanguisteel_nugget":1,"minecraft:pink_tulip":2,"projectvibrantjourneys:cattail":3,"supplementaries:ash":1,"minecraft:mutton":3,"minecraft:cod":1,"minecraft:skeleton_skull":1,"minecraft:snowball":30,"minecraft:cobblestone":9,"born_in_chaos_v1:fused_bone":1,"minecraft:pink_petals":7,"born_in_chaos_v1:corpse_maggot":1,"minecraft:feather":5,"minecraft:clock":1,"iceandfire:sea_serpent_fang":6,"born_in_chaos_v1:monster_flesh":2,"minecraft:iron_door":1,"minecraft:jungle_log":1,"minecraft:leather":2,"minecraft:music_disc_stal":1,"minecraft:oak_log":1,"minecraft:gunpowder":2,"iceandfire:dragonscales_blue":4,"minecraft:lapis_lazuli":1,"born_in_chaos_v1:monster_skin":3,"born_in_chaos_v1:marigolds":4,"minecraft:bone":33,"soul_like_armors_reworked:rustyshield":1,"minecraft:stone_bricks":28,"minecraft:wheat_seeds":9,"minecraft:iron_ingot":1,"minecraft:cooked_porkchop":13,"iceandfire:dragonscales_sapphire":21,"born_in_chaos_v1:ethereal_spirit":11,"minecraft:poisonous_potato":1,"born_in_chaos_v1:dark_rod":5,"minecraft:ink_sac":1,"soul_like_armors_reworked:rustysteelmace":1,"minecraft:barrel":1,"minecraft:spider_eye":2,"minecraft:mossy_cobblestone":4,"minecraft:dried_kelp_block":29,"minecraft:blue_ice":1,"knightquest:small_essence":13,"minecraft:cherry_sapling":13,"iceandfire:ice_dragon_flesh":20,"iceandfire:silver_nugget":78,"minecraft:coal":2,"epicsamurai:ruby":4,"minecraft:ender_pearl":1},"minecraft:broken":{"iceandfire:armor_green_boots":1,"minecraft:golden_shovel":1,"iceandfire:armor_green_helmet":1},"minecraft:custom":{"minecraft:interact_with_anvil":9,"minecraft:mob_kills":173,"minecraft:interact_with_crafting_table":4,"minecraft:open_barrel":324,"minecraft:damage_dealt_resisted":3161,"minecraft:leave_game":2,"minecraft:time_since_death":87243,"minecraft:climb_one_cm":21844,"minecraft:sprint_one_cm":1276646,"minecraft:walk_one_cm":897589,"minecraft:drop":24,"minecraft:damage_dealt_absorbed":375,"minecraft:sneak_time":579,"minecraft:play_time":197633,"minecraft:deaths":1,"minecraft:walk_under_water_one_cm":78873,"minecraft:jump":882,"minecraft:interact_with_blast_furnace":1,"minecraft:walk_on_water_one_cm":88046,"minecraft:enchant_item":2,"minecraft:total_world_time":197633,"minecraft:interact_with_furnace":5,"minecraft:sleep_in_bed":3,"minecraft:time_since_rest":14909,"minecraft:damage_taken":2934,"minecraft:damage_dealt":6911,"minecraft:swim_one_cm":263005,"minecraft:fly_one_cm":217489,"minecraft:player_kills":1,"minecraft:open_chest":167,"minecraft:crouch_one_cm":282,"minecraft:interact_with_smoker":1,"minecraft:fall_one_cm":19291},"minecraft:used":{"iceandfire:dragon_skull_ice":1,"soul_like_armors_reworked:estusflask":53,"ring_of_teleport:ring_of_teleport":6,"minecraft:torch":1,"minecraft:golden_shovel":32,"minecraft:wooden_axe":2,"knightquest:cleaver_heavy_axe":19,"minecraft:grass_block":1,"epicfight:diamond_greatsword":89,"minecraft:written_book":3,"iceandfire:dragonbone_pickaxe":33,"travelersbackpack:enderman":2,"born_in_chaos_v1:trident_hayfork":7,"minecraft:cooked_mutton":1,"epicfight:skillbook":25,"minecraft:baked_potato":1,"minecraft:mossy_cobblestone":4,"born_in_chaos_v1:spiritual_sword":26,"minecraft:wooden_hoe":3,"minecraft:diamond_pickaxe":142,"iceandfire:dragonbone_bow":354,"minecraft:enchanted_book":1,"minecraft:cobblestone":3,"minecraft:cooked_porkchop":23,"farmersdelight:fruit_salad":4}},"DataVersion":3465}