{"stats":{"minecraft:killed":{"born_in_chaos_v1:zombie_clown":3,"minecraft:cave_spider":2,"born_in_chaos_v1:zombie_lumberjack":1,"born_in_chaos_v1:restless_spirit":4,"born_in_chaos_v1:skeleton_demoman":1,"minecraft:spider":8,"alexsmobs:froststalker":1,"born_in_chaos_v1:baby_skeleton_minion":1,"creeperoverhaul:dripstone_creeper":1,"born_in_chaos_v1:scarlet_persecutor":15,"minecraft:skeleton":20,"bloodandmadness:beast_patient":10,"born_in_chaos_v1:skeleton_thrasher":1,"born_in_chaos_v1:firelight_not_despawn":1,"born_in_chaos_v1:bonescaller":1,"farlanders:rebel":1,"born_in_chaos_v1:diamond_termite":6,"born_in_chaos_v1:glutton_fish":1,"minecraft:creeper":2,"minecraft:pillager":9,"cataclysm:deepling_brute":1,"minecraft:zombie":55,"born_in_chaos_v1:dread_hound":5,"creeperoverhaul:desert_creeper":1,"born_in_chaos_v1:corpse_fly":6,"alexsmobs:fly":1,"born_in_chaos_v1:door_knight":1,"iceandfire:sea_serpent":2,"born_in_chaos_v1:siamese_skeletonsleft":1,"bloodandmadness:church_doctor":2,"bloodandmadness:cloaked_beast_patient":5,"the_pillager_legion_:gladuisman_tpl":5,"alexsmobs:tiger":2,"minecraft:vindicator":1,"born_in_chaos_v1:zombie_bruiser":2,"born_in_chaos_v1:maggot":22,"iceandfire:fire_dragon":1,"bloodandmadness:church_doctor_scythe":1,"bloodandmadness:huntsman_axe":2,"born_in_chaos_v1:corpse_fish":2,"minecraft:drowned":2,"minecraft:husk":6,"born_in_chaos_v1:fallen_chaos_knight":2,"born_in_chaos_v1:spirit_guide":1,"alexsmobs:guster":3,"iceandfire:cyclops":1,"born_in_chaos_v1:baby_skeleton":1,"born_in_chaos_v1:spirit_guide_assistant":2,"ancient_elements:aetherial_glaze":1,"minecraft:hoglin":3,"born_in_chaos_v1:decrepit_skeleton":12,"the_pillager_legion_:veteran_infantryman_tpl":56,"born_in_chaos_v1:decaying_zombie":7,"born_in_chaos_v1:dark_vortex":2,"iceandfire:ice_dragon":4,"the_pillager_legion_:infantryman_tpl":27,"minecraft:player":1},"minecraft:killed_by":{"minecraft:zombie":1},"minecraft:picked_up":{"minecraft:lead":1,"minecraft:enchanted_book":1,"ancient_elements:raw_palladium":2,"born_in_chaos_v1:black_argillite":1,"minecraft:string":10,"minecraft:raw_copper":6,"minecraft:smooth_stone_slab":1,"minecraft:armor_stand":5,"minecraft:cobbled_deepslate":133,"travelersbackpack:enderman":1,"minecraft:spruce_planks":1,"minecraft:white_tulip":12,"rpgsmw:redarium":1,"minecraft:cobblestone_slab":2,"runecraft_metals_of_gielinor:runite_armor_helmet":1,"minecraft:smooth_quartz":15,"luphieclutteredmod:luphie_pastel_block_bookshelf":1,"the_pillager_legion_:legion_armor_helmet":2,"minecraft:stick":31,"born_in_chaos_v1:shattered_skull":2,"minecraft:torch":14,"minecraft:acacia_log":2,"epicfight:diamond_greatsword":1,"epicfight:skillbook":6,"minecraft:porkchop":9,"minecraft:pointed_dripstone":1,"minecraft:pink_terracotta":2,"minecraft:golden_chestplate":2,"minecraft:cactus":4,"minecraft:rotten_flesh":37,"the_pillager_legion_:legion_stone":1,"iceandfire:fire_dragon_heart":1,"gamma_beasts:coal_nugget":6,"projectvibrantjourneys:cattail":5,"minecraft:white_terracotta":24,"supplementaries:ash":2,"rpgsmw:edmantium":1,"runecraft_metals_of_gielinor:raw_runite":47,"bloodandmadness:blood_stone_shard":1,"minecraft:cod":1,"minecraft:snowball":30,"minecraft:cobblestone":251,"minecraft:pink_petals":102,"minecraft:feather":5,"minecraft:cooked_beef":5,"the_pillager_legion_:legion_sword_tpl":1,"minecraft:iron_door":1,"minecraft:jungle_log":1,"minecraft:chiseled_quartz_block":3,"gamma_beasts:prehnite":6,"ancient_elements:raw_lead":4,"minecraft:flint":7,"minecraft:smooth_sandstone_stairs":1,"runecraft_metals_of_gielinor:runite_armor_leggings":1,"the_pillager_legion_:legion_cut_stone_3":22,"minecraft:lapis_lazuli":73,"minecraft:pink_concrete_powder":1,"minecraft:dirt":106,"born_in_chaos_v1:monster_skin":3,"born_in_chaos_v1:marigolds":6,"minecraft:bone":40,"minecraft:orange_tulip":3,"minecraft:wheat_seeds":10,"minecraft:raw_gold":1,"minecraft:moss_block":8,"epicsamurai:raw_silver":10,"minecraft:oak_planks":2,"ancient_elements:aether_rod":2,"minecraft:pink_concrete":31,"minecraft:cooked_porkchop":13,"ecologics:prickly_pear":7,"the_pillager_legion_:legion_cut_sandstone":1,"runecraft_metals_of_gielinor:runite_armor_boots":1,"the_pillager_legion_:legion_flaming_sword":1,"the_pillager_legion_:legion_cut_stone":1,"iceandfire:dragonscales_sapphire":21,"minecraft:poisonous_potato":1,"minecraft:sand":245,"iceandfire:dragon_skull_fire":1,"minecraft:stripped_spruce_log":1,"soul_like_armors_reworked:dark_knight_leggings":1,"minecraft:ink_sac":1,"minecraft:barrel":2,"minecraft:mossy_cobblestone":4,"minecraft:light_gray_terracotta":8,"minecraft:diamond":5,"runecraft_metals_of_gielinor:raw_mithril":12,"minecraft:blue_ice":1,"knightquest:small_essence":15,"minecraft:white_concrete":38,"born_in_chaos_v1:rotten_fish":1,"epicsamurai:ruby":37,"iceandfire:silver_nugget":78,"minecraft:coarse_dirt":2,"born_in_chaos_v1:diamond_termite_shard":5,"minecraft:allium":5,"minecraft:ladder":2,"minecraft:clay_ball":29,"born_in_chaos_v1:seedof_chaos":2,"minecraft:leather_leggings":1,"minecraft:packed_ice":3,"ecologics:seashell":1,"runecraft_metals_of_gielinor:runite_armor_chestplate":1,"soul_like_armors_reworked:darkknightsword":1,"minecraft:shield":1,"iceandfire:sea_serpent_scales_blue":13,"minecraft:cornflower":38,"iceandfire:frozen_grass":2,"minecraft:moss_carpet":1,"born_in_chaos_v1:intoxicating_decoction":2,"minecraft:item_frame":1,"the_pillager_legion_:legion_stairs_deep":10,"epicsamurai:jade":8,"minecraft:blue_orchid":22,"minecraft:cyan_carpet":2,"bloodandmadness:blood_vial":10,"minecraft:cracked_stone_bricks":2,"born_in_chaos_v1:gnawed_bones":2,"bloodandmadness:weapons/lit_torch":1,"iceandfire:ice_dragon_heart":4,"minecraft:sandstone":3,"iceandfire:dragonscales_green":42,"minecraft:raw_iron":6,"ancient_elements:raw_steel":4,"iceandfire:dragonbone":91,"minecraft:cherry_stairs":4,"minecraft:raw_gold_block":1,"minecraft:copper_ingot":5,"runecraft_metals_of_gielinor:raw_adamantite":3,"ancient_elements:raw_tin":1,"born_in_chaos_v1:pieceofdarkmetal":7,"soul_like_armors_reworked:rustysteel_helmet":3,"bloodandmadness:beastblood_clump":2,"iceandfire:dragon_skull_ice":6,"soul_like_armors_reworked:estusflask":48,"iceandfire:sea_serpent_scales_purple":11,"iceandfire:cyclops_eye":1,"minecraft:diamond_chestplate":1,"minecraft:peony":36,"minecraft:deepslate_bricks":5,"minecraft:hay_block":16,"the_pillager_legion_:legion_disc_blocky_world":1,"bloodandmadness:sanguisteel_nugget":2,"minecraft:pink_tulip":2,"the_pillager_legion_:legion_armor_boots":1,"minecraft:gold_ingot":2,"minecraft:glow_berries":4,"minecraft:mutton":3,"minecraft:skeleton_skull":3,"minecraft:bone_block":41,"born_in_chaos_v1:fused_bone":1,"iceandfire:dragonegg_green":1,"born_in_chaos_v1:corpse_maggot":10,"minecraft:clock":1,"iceandfire:sea_serpent_fang":6,"born_in_chaos_v1:monster_flesh":3,"minecraft:leather":2,"soul_like_armors_reworked:darkknighttrident":2,"minecraft:music_disc_stal":1,"runecraft_metals_of_gielinor:raw_tin":31,"minecraft:oak_log":1,"minecraft:gunpowder":3,"iceandfire:dragonscales_blue":4,"soul_like_armors_reworked:rustyshield":1,"minecraft:apple":1,"minecraft:stone_bricks":28,"minecraft:iron_ingot":1,"the_pillager_legion_:legion_deep":5,"weapons_deluxe:rubigem":10,"runecraft_metals_of_gielinor:anthracite":16,"iceandfire:fire_dragon_flesh":17,"twilightforest:mangrove_sapling":1,"epicsamurai:onyx":8,"minecraft:yellow_concrete":27,"born_in_chaos_v1:ethereal_spirit":18,"minecraft:dandelion":28,"minecraft:raw_iron_block":8,"minecraft:gravel":115,"born_in_chaos_v1:dark_rod":5,"luphieclutteredmod:luphie_pastel_traditional_table":2,"the_pillager_legion_:legion_axe_tpl":1,"soul_like_armors_reworked:rustysteelmace":6,"minecraft:spider_eye":2,"minecraft:dried_kelp_block":29,"soul_like_armors_reworked:dark_knight_chestplate":1,"minecraft:white_concrete_powder":3,"minecraft:cherry_sapling":13,"luphieclutteredmod:luphie_basic_lovely_love_seat":2,"iceandfire:ice_dragon_flesh":20,"minecraft:terracotta":71,"minecraft:pink_dye":6,"soul_like_armors_reworked:rustysteel_leggings":1,"minecraft:coal":17,"minecraft:ender_pearl":1},"minecraft:used":{"minecraft:peony":9,"minecraft:iron_shovel":440,"minecraft:ladder":5,"iceandfire:dragon_skull_ice":1,"minecraft:white_concrete_powder":41,"minecraft:white_terracotta":21,"luphieclutteredmod:luphie_pastel_traditional_table":3,"ring_of_teleport:ring_of_teleport":8,"minecraft:pink_terracotta":47,"ecologics:prickly_pear":1,"epicsamurai:red_samurai_leggings":1,"minecraft:glass":4,"knightquest:cleaver_heavy_axe":19,"minecraft:blue_orchid":4,"minecraft:grass_block":1,"minecraft:light_blue_bed":1,"epicfight:diamond_greatsword":89,"variantvanillablocks:cherry_crafting_table":1,"epicsamurai:red_samurai_boots":1,"minecraft:written_book":3,"minecraft:pink_concrete_powder":32,"travelersbackpack:enderman":7,"mcdw:sword_frost_slayer":93,"epicfight:skillbook":27,"minecraft:ender_pearl":1,"minecraft:sand":2,"minecraft:chiseled_quartz_block":60,"born_in_chaos_v1:spiritual_sword":26,"the_pillager_legion_:legion_flaming_sword":1,"minecraft:light_gray_concrete":54,"born_in_chaos_v1:marigolds":2,"iceandfire:dragon_skull_fire":1,"minecraft:pink_stained_glass":115,"minecraft:bone_meal":217,"heartstone:heartstone":18,"runecraft_metals_of_gielinor:runite_sword":25,"luphieclutteredmod:luphie_pastel_block_bookshelf":2,"epicsamurai:red_samurai_helmet":1,"minecraft:armor_stand":3,"soul_like_armors_reworked:estusflask":53,"minecraft:torch":85,"minecraft:dirt":78,"minecraft:golden_shovel":32,"minecraft:wooden_axe":2,"luphieclutteredmod:luphie_basic_lovely_love_seat":3,"minecraft:smooth_quartz":77,"minecraft:barrel":4,"minecraft:yellow_concrete_powder":28,"epicsamurai:red_samurai_chestplate":1,"minecraft:cooked_beef":6,"iceandfire:dragonbone_pickaxe":907,"born_in_chaos_v1:trident_hayfork":7,"minecraft:cooked_mutton":1,"minecraft:water_bucket":8,"variantvanillablocks:cherry_chest":1,"minecraft:baked_potato":5,"minecraft:cherry_planks":4,"minecraft:mossy_cobblestone":4,"minecraft:wooden_hoe":3,"minecraft:diamond_pickaxe":142,"minecraft:cherry_door":1,"iceandfire:dragonbone_bow":566,"twilightforest:mangrove_sapling":2,"minecraft:pink_petals":3,"minecraft:pink_bed":1,"minecraft:enchanted_book":1,"minecraft:cobblestone":3,"minecraft:cherry_stairs":22,"minecraft:cooked_porkchop":63,"minecraft:bucket":8,"farmersdelight:fruit_salad":4,"minecraft:dandelion":1},"minecraft:crafted":{"minecraft:pink_terracotta":64,"minecraft:oak_planks":4,"epicsamurai:silver_ingot":10,"magistuarmory:silver_concavehalberd":1,"minecraft:pink_bed":1,"variantvanillablocks:cherry_chest":1,"luphieclutteredmod:luphie_pink_planks":32,"runecraft_metals_of_gielinor:runite_sword":1,"epicsamurai:red_samurai_chestplate":1,"minecraft:green_dye":4,"epicsamurai:red_samurai_boots":1,"minecraft:glass":128,"epicsamurai:red_samurai_leggings":2,"weapons_deluxe:rubi_armor_helmet":1,"iceandfire:armor_green_helmet":1,"luphieclutteredmod:luphie_pink_log":32,"knightquest:cleaver_heavy_axe":1,"magistuarmory:pole":1,"minecraft:pink_stained_glass":120,"minecraft:diamond_axe":1,"minecraft:spruce_planks":4,"iceandfire:armor_green_chestplate":1,"iceandfire:dragonbone_bow":1,"minecraft:pink_wool":6,"minecraft:yellow_dye":12,"minecraft:stick":16,"minecraft:light_blue_dye":7,"minecraft:iron_block":1,"minecraft:light_blue_bed":1,"minecraft:gold_ingot":113,"luphieclutteredmod:luphie_basic_lovely_love_seat":1,"luphieclutteredmod:luphie_pastel_traditional_table":1,"magistuarmory:leather_strip":6,"mcdw:sword_iron_sword_var":1,"mcdw:sword_claymore":1,"minecraft:cherry_planks":56,"minecraft:yellow_concrete_powder":96,"iceandfire:armor_green_leggings":1,"ancient_elements:steel_ingot":4,"mcdw:sword_frost_slayer":1,"minecraft:bone_meal":372,"born_in_chaos_v1:spiritual_sword":1,"minecraft:pink_dye":138,"weapons_deluxe:rubi_armor_boots":1,"magistuarmory:hilt":2,"minecraft:white_concrete_powder":64,"born_in_chaos_v1:bone_handle":1,"minecraft:ladder":6,"born_in_chaos_v1:fried_maggot":9,"minecraft:cherry_stairs":28,"mcdw:sword_broadsword":1,"minecraft:pink_concrete_powder":32,"luphieclutteredmod:luphie_pastel_block_bookshelf":1,"minecraft:bucket":4,"variantvanillablocks:cherry_crafting_table":1,"minecraft:air":0,"minecraft:blue_dye":19,"runecraft_metals_of_gielinor:tin_ingot":31,"runecraft_metals_of_gielinor:runite_ingot":41,"minecraft:white_dye":64,"minecraft:iron_shovel":3,"minecraft:cherry_door":3,"minecraft:white_bed":1,"weapons_deluxe:rubi_armor_leggings":1,"minecraft:torch":84,"epicsamurai:red_samurai_helmet":1,"iceandfire:armor_green_boots":1},"minecraft:custom":{"minecraft:interact_with_crafting_table":11,"minecraft:open_barrel":482,"minecraft:leave_game":6,"minecraft:time_since_death":374752,"minecraft:sprint_one_cm":2531049,"minecraft:drop":43,"minecraft:play_time":485142,"minecraft:deaths":1,"minecraft:jump":2565,"minecraft:walk_on_water_one_cm":234021,"minecraft:enchant_item":8,"minecraft:interact_with_furnace":12,"minecraft:sleep_in_bed":11,"minecraft:damage_dealt":14936,"minecraft:player_kills":1,"minecraft:crouch_one_cm":1246,"minecraft:interact_with_smoker":1,"minecraft:interact_with_anvil":11,"minecraft:mob_kills":342,"minecraft:inspect_hopper":1,"minecraft:damage_dealt_resisted":3161,"minecraft:climb_one_cm":48668,"minecraft:walk_one_cm":2228221,"minecraft:damage_dealt_absorbed":375,"minecraft:sneak_time":1673,"minecraft:walk_under_water_one_cm":414017,"minecraft:interact_with_blast_furnace":13,"minecraft:total_world_time":485142,"minecraft:time_since_rest":1212,"minecraft:damage_taken":5849,"minecraft:swim_one_cm":1251749,"minecraft:fly_one_cm":571773,"minecraft:open_chest":266,"minecraft:fall_one_cm":55452},"minecraft:broken":{"minecraft:iron_shovel":1,"minecraft:golden_shovel":1,"iceandfire:armor_green_helmet":1,"iceandfire:armor_green_boots":1},"minecraft:dropped":{"the_pillager_legion_:legion_flaming_sword":1,"minecraft:moss_block":1,"minecraft:cooked_porkchop":17,"minecraft:snowball":1,"ring_of_teleport:ring_of_teleport":3,"born_in_chaos_v1:seedof_chaos":1,"minecraft:skeleton_skull":1,"born_in_chaos_v1:corpse_maggot":4,"minecraft:ladder":2,"the_pillager_legion_:legion_armor_helmet":1,"epicfight:diamond_greatsword":1,"minecraft:stick":2,"minecraft:torch":9,"minecraft:coarse_dirt":1,"epicfight:skillbook":1},"minecraft:mined":{"minecraft:spruce_planks":1,"iceandfire:myrmex_resin_desert":1,"ecologics:surface_moss":1,"minecraft:cave_vines_plant":2,"runecraft_metals_of_gielinor:runite_ore":29,"runecraft_metals_of_gielinor:deepslate_runite_ore":18,"minecraft:grass_block":1,"epicsamurai:silver_ore":5,"runecraft_metals_of_gielinor:deepslate_tin_ore":1,"minecraft:white_concrete":38,"minecraft:pink_stained_glass":5,"minecraft:deepslate_bricks":6,"minecraft:spawner":31,"minecraft:raw_iron_block":3,"minecraft:sculk_catalyst":3,"minecraft:fire":1,"minecraft:iron_ore":2,"minecraft:barrel":2,"ancient_elements:tin_ore":1,"minecraft:deepslate_lapis_ore":3,"minecraft:cave_vines":2,"minecraft:small_amethyst_bud":1,"epicsamurai:deepslate_silver_ore":5,"minecraft:smooth_sandstone_stairs":1,"runecraft_metals_of_gielinor:deepslate_mithril_ore":5,"minecraft:blue_orchid":22,"projectvibrantjourneys:cattail":1,"weapons_deluxe:deepslaterubiore":5,"minecraft:cyan_terracotta":1,"supplementaries:book_pile":1,"minecraft:medium_amethyst_bud":1,"minecraft:orange_terracotta":2,"luphieclutteredmod:luphie_basic_lovely_love_seat":2,"minecraft:chiseled_quartz_block":3,"iceandfire:dragon_ice_spikes":3,"minecraft:clay":8,"minecraft:light_gray_terracotta":8,"the_pillager_legion_:legion_deep":5,"minecraft:chest":1,"minecraft:dead_bush":6,"minecraft:glass":4,"minecraft:cobblestone":2,"minecraft:oak_planks":2,"minecraft:iron_door":1,"minecraft:wall_torch":7,"minecraft:deepslate_copper_ore":1,"minecraft:pink_petals":3,"minecraft:seagrass":3,"minecraft:white_terracotta":25,"ecologics:seashell":1,"epicsamurai:aquamarine_ore":3,"minecraft:blue_ice":2,"twilightforest:root":3,"minecraft:orange_tulip":3,"minecraft:smooth_stone_slab":2,"runecraft_metals_of_gielinor:tin_ore":31,"minecraft:grass":4,"projectvibrantjourneys:short_grass":3,"minecraft:smooth_quartz":15,"minecraft:sand":246,"minecraft:dirt":75,"minecraft:deepslate":167,"the_pillager_legion_:legion_cut_sandstone":1,"ancient_elements:lead_ore":4,"minecraft:mossy_cobblestone":4,"epicsamurai:deepslate_onyx_ore":6,"minecraft:deepslate_diamond_ore":5,"luphieclutteredmod:luphie_pastel_traditional_table":2,"twilightforest:mangrove_root":1,"projectvibrantjourneys:rocks":1,"born_in_chaos_v1:infected_diamond_ore":4,"gravestone:gravestone":1,"iceandfire:frozen_grass":2,"the_pillager_legion_:legion_cut_deep_3":2,"weapons_deluxe:rubiore":2,"minecraft:moss_block":9,"minecraft:sandstone":3,"minecraft:white_concrete_powder":3,"minecraft:hay_block":16,"epicsamurai:onyx_ore":2,"minecraft:nether_sprouts":1,"minecraft:snow":29,"minecraft:pink_concrete":31,"gamma_beasts:prehnite_ore":6,"minecraft:stripped_spruce_log":1,"luphieclutteredmod:luphie_pastel_block_bookshelf":1,"runecraft_metals_of_gielinor:deepslate_adamantite_ore":2,"minecraft:peony":9,"minecraft:bookshelf":2,"minecraft:vine":13,"minecraft:deepslate_iron_ore":6,"minecraft:cobblestone_slab":1,"ancient_elements:palladium_ore":2,"runecraft_metals_of_gielinor:anthracite_ore":16,"minecraft:white_tulip":11,"minecraft:stone":156,"minecraft:cherry_stairs":4,"minecraft:pink_terracotta":2,"ancient_elements:steel_ore":4,"epicsamurai:jade_ore":8,"born_in_chaos_v1:marigolds":2,"minecraft:red_wool":2,"the_pillager_legion_:legion_stone":1,"twilightforest:mangrove_sapling":1,"minecraft:brown_carpet":1,"minecraft:pink_concrete_powder":1,"minecraft:dandelion":28,"minecraft:cornflower":41,"minecraft:sculk_sensor":2,"minecraft:tall_grass":4,"minecraft:copper_ore":1,"minecraft:lapis_ore":8,"minecraft:dried_kelp_block":30,"minecraft:deepslate_gold_ore":1,"minecraft:sculk":11,"minecraft:cactus":3,"minecraft:red_terracotta":2,"runecraft_metals_of_gielinor:mithril_ore":8,"minecraft:coarse_dirt":3,"rpgsmw:mineral_ore":2,"minecraft:coal_ore":6,"minecraft:gravel":138,"minecraft:cyan_carpet":2,"minecraft:yellow_concrete":28,"minecraft:cobweb":5,"minecraft:cracked_stone_bricks":8,"minecraft:terracotta":75,"minecraft:stone_bricks":36,"minecraft:mossy_stone_bricks":8,"pots_and_mimics:treasure_pot":5,"minecraft:fern":3,"epicsamurai:ruby_ore":25}},"DataVersion":3465}