{"stats":{"minecraft:killed":{"polly_pets:bull_terrier":18,"born_in_chaos_v1:zombie_lumberjack":1,"born_in_chaos_v1:restless_spirit":4,"bloodandmadness:cloaked_beast_patient":1,"born_in_chaos_v1:skeleton_demoman":1,"the_pillager_legion_:gladuisman_tpl":5,"minecraft:vindicator":1,"minecraft:spider":2,"farlanders:fanmade_enderman":1,"alexsmobs:rattlesnake":7,"born_in_chaos_v1:maggot":12,"minecraft:skeleton":14,"gamma_beasts:skinno_c":11,"bloodandmadness:beast_patient":5,"bloodandmadness:huntsman_axe":1,"ancient_elements:undead_miner":1,"born_in_chaos_v1:supreme_bonescaller_stage_2":1,"farlanders:classic_enderman":1,"polly_pets:bull_terrier_puppy":1,"minecraft:husk":2,"alexsmobs:guster":3,"farlanders:looter":2,"farlanders:rebel":2,"born_in_chaos_v1:bone_imp_minion":4,"minecraft:zombie_villager":1,"born_in_chaos_v1:baby_skeleton":2,"knightquest:ratman":1,"ancient_elements:aetherial_glaze":2,"minecraft:creeper":3,"born_in_chaos_v1:decrepit_skeleton":4,"the_pillager_legion_:veteran_infantryman_tpl":13,"minecraft:sheep":1,"minecraft:pillager":3,"minecraft:zombie":7,"born_in_chaos_v1:dread_hound":5,"knightquest:lizzy":4,"gamma_beasts:skinno_a":13,"the_pillager_legion_:heavy_infantryman_tpl":6,"born_in_chaos_v1:corpse_fly":4,"born_in_chaos_v1:dark_vortex":2,"the_pillager_legion_:infantryman_tpl":9,"minecraft:wither_skeleton":1,"alexsmobs:jerboa":1},"minecraft:mined":{"the_pillager_legion_:legion_cut_sandstone":2,"minecraft:tuff":1,"minecraft:red_carpet":2,"minecraft:spruce_planks":1,"farmersdelight:rich_soil":3,"iceandfire:silver_ore":12,"ancient_elements:lead_ore":34,"minecraft:sculk_vein":4,"minecraft:jungle_leaves":1,"minecraft:budding_amethyst":1,"minecraft:brewing_stand":2,"projectvibrantjourneys:rocks":3,"runecraft_metals_of_gielinor:runite_ore":8,"gravestone:gravestone":2,"epicsamurai:deepslate_ruby_ore":2,"runecraft_metals_of_gielinor:deepslate_runite_ore":41,"epicsamurai:silver_ore":16,"runecraft_metals_of_gielinor:deepslate_tin_ore":9,"born_in_chaos_v1:black_argillite":3,"weapons_deluxe:rubiore":1,"iceandfire:frozen_splinters":14,"minecraft:deepslate_bricks":2,"minecraft:moss_block":3,"minecraft:nether_wart":20,"minecraft:sandstone":6,"minecraft:gilded_blackstone":2,"minecraft:sandstone_stairs":11,"minecraft:spawner":9,"minecraft:hay_block":21,"weapons_deluxe:platinumore":4,"minecraft:redstone_ore":1,"minecraft:sculk_catalyst":2,"minecraft:cobbled_deepslate":1,"minecraft:iron_ore":81,"weapons_deluxe:deepslateplatinumore":19,"minecraft:fire":2,"minecraft:barrel":4,"gamma_beasts:prehnite_ore":25,"ancient_elements:tin_ore":14,"minecraft:deepslate_lapis_ore":3,"runecraft_metals_of_gielinor:deepslate_adamantite_ore":18,"minecraft:gold_block":1,"minecraft:sculk_shrieker":1,"ancient_elements:palladium_ore":1,"minecraft:deepslate_iron_ore":56,"minecraft:rail":2,"minecraft:iron_bars":4,"epicsamurai:deepslate_silver_ore":15,"runecraft_metals_of_gielinor:anthracite_ore":148,"runecraft_metals_of_gielinor:deepslate_mithril_ore":17,"minecraft:azalea":1,"minecraft:stone":84,"minecraft:cake":1,"weapons_deluxe:deepslaterubiore":12,"ancient_elements:steel_ore":41,"minecraft:deepslate_redstone_ore":18,"minecraft:flowering_azalea":1,"epicsamurai:jade_ore":9,"minecraft:blackstone":11,"minecraft:soul_fire":1,"epicsamurai:deepslate_aquamarine_ore":2,"twilightforest:canopy_fence_gate":1,"minecraft:smooth_sandstone":7,"minecraft:clay":1,"iceandfire:dragon_ice_spikes":183,"minecraft:torch":1,"minecraft:calcite":2,"minecraft:dead_bush":1,"minecraft:sculk_sensor":8,"minecraft:lapis_ore":4,"minecraft:deepslate_gold_ore":24,"minecraft:sculk":2,"minecraft:smooth_sandstone_slab":1,"minecraft:wall_torch":4,"runecraft_metals_of_gielinor:adamantite_ore":5,"runecraft_metals_of_gielinor:mithril_ore":13,"runecraft_metals_of_gielinor:tin_ore":94,"minecraft:grass":2,"minecraft:coal_ore":12,"minecraft:sand":50,"minecraft:dirt":2,"minecraft:smooth_basalt":1,"minecraft:polished_blackstone":3,"minecraft:stone_bricks":1,"minecraft:gold_ore":5,"epicsamurai:ruby_ore":8,"pots_and_mimics:treasure_pot":5,"minecraft:deepslate":112},"minecraft:crafted":{"twilightforest:time_planks":56,"ancient_elements:tin_helmet":1,"ancient_elements:tin_boots":1,"ancient_elements:tin_chestplate":1,"minecraft:acacia_fence":3,"minecraft:jungle_fence":33,"minecraft:birch_planks":16,"twilightforest:time_fence":33,"ancient_elements:tin_ingot":24,"minecraft:jungle_planks":44,"travelersbackpack:wolf":2,"minecraft:stick":92,"minecraft:iron_ingot":116,"minecraft:gold_ingot":7,"ancient_elements:tin_leggings":1,"minecraft:acacia_planks":8,"minecraft:torch":160},"minecraft:dropped":{"minecraft:iron_ingot":1,"born_in_chaos_v1:shattered_skull":1,"minecraft:wheat_seeds":1,"xpbook:xp_tome":1,"minecraft:grass_block":1,"minecraft:dirt":2,"minecraft:cornflower":5,"born_in_chaos_v1:monster_skin":1,"gravestone:obituary":2,"minecraft:smooth_basalt":1,"minecraft:bone":8,"minecraft:blackstone":1,"minecraft:clay_ball":4,"minecraft:deepslate_bricks":1,"minecraft:stone":1,"born_in_chaos_v1:corpse_maggot":2,"minecraft:blue_orchid":2,"born_in_chaos_v1:skullbreaker_hammer":1,"born_in_chaos_v1:dark_rod":2},"minecraft:killed_by":{"minecraft:player":1,"ancient_elements:aetherial_glaze":1},"minecraft:picked_up":{"minecraft:wheat":9,"minecraft:nether_wart":53,"minecraft:ladder":2,"minecraft:clay_ball":4,"gamma_beasts:fur":54,"farmersdelight:rice_panicle":70,"minecraft:gold_block":1,"minecraft:enchanted_book":2,"minecraft:stripped_cherry_log":1,"ancient_elements:raw_palladium":3,"minecraft:brewing_stand":2,"minecraft:shield":1,"minecraft:cornflower":16,"minecraft:moss_carpet":2,"soul_like_armors_reworked:rustysteel_chestplate":2,"iceandfire:frozen_splinters":14,"epicsamurai:jade":22,"minecraft:armor_stand":3,"minecraft:blackstone":1,"minecraft:blue_orchid":2,"minecraft:beetroot":2,"bloodandmadness:blood_vial":5,"minecraft:cobbled_deepslate":107,"farmersdelight:cabbage":122,"minecraft:white_tulip":12,"iceandfire:myrmex_desert_resin":20,"minecraft:written_book":1,"minecraft:azalea":20,"minecraft:poppy":2,"minecraft:sugar_cane":92,"born_in_chaos_v1:shattered_skull":1,"the_pillager_legion_:legion_armor_helmet":1,"minecraft:egg":3,"twilightforest:canopy_fence_gate":1,"iceandfire:dragonbone":7,"minecraft:stick":25,"minecraft:raw_iron":304,"minecraft:sandstone":6,"ancient_elements:raw_steel":91,"minecraft:stone":1,"farmersdelight:rotten_tomato":1,"born_in_chaos_v1:phantom_powder":1,"projectvibrantjourneys:bark_mushroom":3,"runecraft_metals_of_gielinor:raw_adamantite":23,"minecraft:torch":7,"minecraft:acacia_log":1,"ancient_elements:raw_tin":27,"minecraft:carrot":192,"minecraft:redstone":113,"minecraft:smooth_sandstone_slab":1,"soul_like_armors_reworked:estusflask":26,"minecraft:honey_bottle":16,"minecraft:rotten_flesh":8,"farmersdelight:onion":214,"minecraft:deepslate_bricks":1,"minecraft:hay_block":23,"minecraft:sandstone_stairs":11,"bloodandmadness:sanguisteel_nugget":1,"gamma_beasts:coal_nugget":14,"projectvibrantjourneys:cattail":1,"supplementaries:ash":16,"runecraft_metals_of_gielinor:raw_runite":49,"minecraft:skeleton_skull":1,"minecraft:iron_bars":3,"minecraft:cobblestone":79,"ancient_elements:dynamite_item":4,"gamma_beasts:pear":45,"born_in_chaos_v1:corpse_maggot":6,"farmersdelight:rich_soil":3,"minecraft:leather_chestplate":3,"epicfight:stone_spear":1,"farmersdelight:rice":7,"born_in_chaos_v1:monster_flesh":2,"projectvibrantjourneys:fallen_leaves":7,"minecraft:red_mushroom":72,"gamma_beasts:prehnite":61,"minecraft:potato":24,"ancient_elements:raw_lead":78,"runecraft_metals_of_gielinor:raw_tin":103,"ring_of_teleport:ring_of_teleport":3,"minecraft:oak_log":1,"minecraft:gunpowder":4,"minecraft:lapis_lazuli":93,"farmersdelight:tomato":41,"minecraft:dirt":18,"knightquest:lizzy_scale":1,"born_in_chaos_v1:monster_skin":1,"minecraft:smooth_sandstone":6,"minecraft:red_carpet":2,"minecraft:bone":75,"minecraft:apple":14,"minecraft:stone_bricks":1,"minecraft:wheat_seeds":34,"born_in_chaos_v1:skullbreaker_hammer":1,"minecraft:raw_gold":62,"minecraft:iron_ingot":3,"weapons_deluxe:rubigem":13,"epicsamurai:aquamarine":5,"runecraft_metals_of_gielinor:anthracite":145,"epicsamurai:raw_silver":75,"minecraft:flowering_azalea":9,"minecraft:smooth_basalt":1,"minecraft:cooked_porkchop":4,"the_pillager_legion_:legion_cut_sandstone":2,"ecologics:prickly_pear":2,"born_in_chaos_v1:ethereal_spirit":3,"minecraft:dandelion":15,"iceandfire:dragon_skull_fire":2,"minecraft:sand":73,"born_in_chaos_v1:dark_rod":4,"soul_like_armors_reworked:dark_knight_leggings":2,"minecraft:grass_block":1,"the_pillager_legion_:legion_axe_tpl":1,"soul_like_armors_reworked:rustysteelmace":1,"minecraft:spider_eye":1,"soul_like_armors_reworked:dark_knight_chestplate":1,"xpbook:xp_tome":1,"runecraft_metals_of_gielinor:raw_mithril":30,"knightquest:small_essence":2,"minecraft:painting":1,"minecraft:bone_meal":4,"minecraft:golden_apple":9,"weapons_deluxe:rawplatinum":23,"minecraft:emerald":1,"epicsamurai:ruby":19,"minecraft:baked_potato":61,"projectvibrantjourneys:orange_bark_mushroom":3,"soul_like_armors_reworked:rustysteel_leggings":1,"minecraft:coal":32,"iceandfire:raw_silver":25,"minecraft:ender_pearl":2},"minecraft:custom":{"minecraft:interact_with_smithing_table":5,"minecraft:interact_with_anvil":12,"minecraft:mob_kills":197,"minecraft:inspect_hopper":1,"minecraft:open_barrel":192,"minecraft:damage_dealt_resisted":1198,"minecraft:leave_game":9,"minecraft:time_since_death":217134,"minecraft:climb_one_cm":31766,"minecraft:sprint_one_cm":589829,"minecraft:walk_one_cm":2767909,"minecraft:drop":21,"minecraft:damage_dealt_absorbed":117,"minecraft:play_time":459197,"minecraft:deaths":2,"minecraft:sneak_time":12089,"minecraft:walk_under_water_one_cm":46913,"minecraft:jump":3161,"minecraft:interact_with_blast_furnace":10,"minecraft:walk_on_water_one_cm":109208,"minecraft:total_world_time":514393,"minecraft:interact_with_cartography_table":1,"minecraft:interact_with_grindstone":1,"minecraft:sleep_in_bed":4,"minecraft:time_since_rest":61202,"minecraft:damage_taken":1010,"minecraft:damage_absorbed":3530,"minecraft:damage_dealt":24390,"minecraft:swim_one_cm":43985,"minecraft:fly_one_cm":2451796,"minecraft:open_chest":126,"minecraft:crouch_one_cm":38496,"minecraft:fall_one_cm":66224},"minecraft:used":{"minecraft:armor_stand":3,"minecraft:spruce_slab":1,"minecraft:diamond_hoe":54,"minecraft:nether_wart":20,"minecraft:stone":112,"soul_like_armors_reworked:estusflask":7,"supplementaries:globe":1,"minecraft:torch":201,"minecraft:spyglass":11,"minecraft:brewing_stand":2,"minecraft:dirt":587,"gamma_beasts:crasu_spawn_spawn_egg":4,"minecraft:iron_axe":1,"minecraft:smooth_sandstone":2,"mcdw:bow_winters_touch":150,"minecraft:jungle_log":7,"twilightforest:time_fence":33,"minecraft:stone_bricks":1,"minecraft:acacia_fence":3,"minecraft:cobbled_deepslate":92,"minecraft:cherry_log":11,"variantvanillablocks:acacia_barrel":1,"epicfight:skillbook":1,"minecraft:water_bucket":43,"minecraft:jungle_fence":33,"minecraft:ender_pearl":2,"mcwdoors:birch_glass_door":2,"minecraft:sugar_cane":14,"minecraft:mossy_cobblestone":33,"minecraft:sand":109,"ancient_elements:galactrium_sword":1,"born_in_chaos_v1:skullbreaker_hammer":56,"minecraft:painting":1,"travelersbackpack:wolf":5,"minecraft:diamond_pickaxe":1289,"cfm:spruce_upgraded_fence":4,"the_pillager_legion_:legion_flaming_sword":227,"minecraft:cherry_door":1,"farlanders:nightfall_sword":1,"minecraft:bread":20,"minecraft:netherite_axe":7,"minecraft:cobblestone":40,"twilightforest:canopy_fence_gate":1,"iceandfire:dragon_skull_fire":2,"minecraft:cooked_porkchop":2,"heartstone:heartstone":6,"minecraft:soul_torch":30}},"DataVersion":3465}