{"stats":{"minecraft:crafted":{"ancient_elements:tin_helmet":1,"weapons_deluxe:platinumarmor_leggings":1,"runecraft_metals_of_gielinor:runite_armor_chestplate":3,"weapons_deluxe:platinumarmor_boots":1,"minecraft:glass":33,"runecraft_metals_of_gielinor:adamant_armor_chestplate":1,"weapons_deluxe:rubi_armor_helmet":1,"runecraft_metals_of_gielinor:runite_armor_helmet":3,"minecraft:acacia_fence":3,"runecraft_metals_of_gielinor:runite_armor_leggings":3,"runecraft_metals_of_gielinor:adamant_armor_leggings":1,"runecraft_metals_of_gielinor:mithril_armor_leggings":1,"minecraft:spruce_planks":12,"runecraft_metals_of_gielinor:mithril_armor_helmet":1,"minecraft:birch_planks":44,"twilightforest:time_fence":33,"ancient_elements:tin_ingot":24,"runecraft_metals_of_gielinor:mithril_armor_chestplate":1,"travelersbackpack:wolf":2,"minecraft:stick":144,"minecraft:iron_ingot":116,"minecraft:gold_ingot":7,"ancient_elements:tin_leggings":1,"weapons_deluxe:rubi_armor_chestplate":1,"twilightforest:time_planks":76,"runecraft_metals_of_gielinor:mithril_ingot":30,"ancient_elements:tin_boots":1,"minecraft:glass_pane":32,"weapons_deluxe:rubi_armor_boots":1,"ancient_elements:tin_chestplate":1,"runecraft_metals_of_gielinor:runite_armor_boots":3,"minecraft:spruce_slab":24,"minecraft:jungle_fence":33,"runecraft_metals_of_gielinor:adamantite_ingot":26,"weapons_deluxe:platinumarmor_chestplate":1,"runecraft_metals_of_gielinor:adamant_armor_boots":1,"weapons_deluxe:platinumarmor_helmet":1,"minecraft:jungle_planks":44,"runecraft_metals_of_gielinor:mithril_armor_boots":1,"weapons_deluxe:platinumingot":24,"runecraft_metals_of_gielinor:runite_ingot":82,"weapons_deluxe:rubi_armor_leggings":1,"runecraft_metals_of_gielinor:adamant_armor_helmet":1,"minecraft:acacia_planks":8,"minecraft:torch":376},"minecraft:picked_up":{"minecraft:wheat":9,"gamma_beasts:fur":54,"farmersdelight:rice_panicle":70,"minecraft:enchanted_book":2,"minecraft:brewing_stand":2,"ancient_elements:raw_palladium":9,"born_in_chaos_v1:black_argillite":1,"soul_like_armors_reworked:rustysteel_chestplate":2,"minecraft:raw_copper":1,"iceandfire:sea_serpent_scales_teal":10,"minecraft:armor_stand":3,"minecraft:beetroot":2,"minecraft:cobbled_deepslate":150,"farmersdelight:cabbage":122,"minecraft:spruce_planks":2,"minecraft:white_tulip":12,"iceandfire:myrmex_desert_resin":20,"minecraft:written_book":1,"minecraft:calcite":3,"minecraft:azalea":20,"minecraft:coal_block":68,"the_pillager_legion_:legion_armor_helmet":2,"minecraft:stick":25,"born_in_chaos_v1:shattered_skull":1,"farmersdelight:rotten_tomato":1,"born_in_chaos_v1:phantom_powder":1,"minecraft:torch":15,"minecraft:acacia_log":1,"epicfight:diamond_greatsword":1,"epicfight:skillbook":1,"minecraft:honeycomb_block":12,"minecraft:honey_bottle":16,"minecraft:rotten_flesh":10,"minecraft:tropical_fish":1,"farmersdelight:onion":214,"gamma_beasts:coal_nugget":114,"projectvibrantjourneys:cattail":1,"mcdw:bow_winters_touch":1,"supplementaries:ash":18,"runecraft_metals_of_gielinor:raw_runite":74,"minecraft:iron_bars":3,"alexsmobs:flying_fish":5,"minecraft:cobblestone":163,"minecraft:birch_log":7,"gamma_beasts:pear":45,"minecraft:leather_chestplate":3,"epicfight:stone_spear":1,"farmersdelight:rice":7,"the_pillager_legion_:legion_sword_tpl":2,"projectvibrantjourneys:fallen_leaves":7,"minecraft:brown_wool":1,"gamma_beasts:prehnite":61,"minecraft:potato":24,"ancient_elements:raw_lead":228,"minecraft:tuff":2,"minecraft:lapis_lazuli":154,"farmersdelight:tomato":41,"minecraft:dirt":19,"knightquest:lizzy_scale":1,"born_in_chaos_v1:monster_skin":1,"minecraft:bone":86,"minecraft:wheat_seeds":38,"born_in_chaos_v1:skullbreaker_hammer":2,"minecraft:raw_gold":78,"minecraft:moss_block":4,"minecraft:honeycomb":1,"epicsamurai:raw_silver":91,"minecraft:cooked_porkchop":4,"the_pillager_legion_:legion_flaming_sword":1,"ecologics:prickly_pear":2,"the_pillager_legion_:legion_cut_sandstone":2,"iceandfire:dragonscales_sapphire":15,"minecraft:oak_pressure_plate":1,"iceandfire:dragon_skull_fire":2,"minecraft:sand":75,"soul_like_armors_reworked:dark_knight_leggings":3,"minecraft:grass_block":1,"minecraft:diamond":9,"runecraft_metals_of_gielinor:raw_mithril":42,"knightquest:small_essence":2,"minecraft:bone_meal":4,"minecraft:golden_apple":9,"weapons_deluxe:rawplatinum":37,"minecraft:emerald":1,"epicsamurai:ruby":53,"iceandfire:raw_silver":40,"minecraft:nether_wart":53,"minecraft:ladder":2,"minecraft:clay_ball":4,"minecraft:brown_mushroom":2,"minecraft:gold_block":2,"minecraft:stripped_cherry_log":1,"gravestone:obituary":2,"minecraft:shield":1,"minecraft:cornflower":16,"iceandfire:frozen_splinters":35,"minecraft:moss_carpet":2,"epicsamurai:jade":22,"minecraft:blackstone":1,"minecraft:blue_orchid":2,"bloodandmadness:blood_vial":7,"minecraft:poppy":2,"minecraft:chest":21,"minecraft:sugar_cane":92,"minecraft:birch_sapling":1,"iceandfire:ice_dragon_heart":1,"minecraft:egg":3,"twilightforest:canopy_fence_gate":1,"minecraft:dark_oak_sapling":19,"minecraft:raw_iron":491,"minecraft:sandstone":6,"ancient_elements:raw_steel":179,"iceandfire:dragonbone":13,"minecraft:stone":1,"minecraft:raw_gold_block":5,"projectvibrantjourneys:bark_mushroom":3,"runecraft_metals_of_gielinor:raw_adamantite":44,"ancient_elements:raw_tin":27,"minecraft:carrot":193,"minecraft:redstone":174,"minecraft:smooth_sandstone_slab":1,"soul_like_armors_reworked:estusflask":32,"minecraft:deepslate_bricks":4,"minecraft:hay_block":67,"minecraft:sandstone_stairs":11,"bloodandmadness:sanguisteel_nugget":1,"minecraft:mutton":4,"minecraft:skeleton_skull":2,"minecraft:white_wool":2,"ancient_elements:dynamite_item":4,"born_in_chaos_v1:corpse_maggot":9,"farmersdelight:rich_soil":3,"iceandfire:sea_serpent_fang":8,"born_in_chaos_v1:monster_flesh":2,"minecraft:salmon":1,"minecraft:red_mushroom":72,"ring_of_teleport:ring_of_teleport":3,"runecraft_metals_of_gielinor:raw_tin":103,"minecraft:oak_log":1,"minecraft:gunpowder":6,"minecraft:smooth_sandstone":6,"minecraft:red_carpet":2,"minecraft:apple":17,"minecraft:stone_bricks":1,"minecraft:kelp":2,"minecraft:iron_ingot":3,"weapons_deluxe:rubigem":27,"runecraft_metals_of_gielinor:anthracite":230,"epicsamurai:aquamarine":19,"minecraft:flowering_azalea":9,"minecraft:scaffolding":1,"projectvibrantjourneys:light_brown_bark_mushroom":2,"minecraft:smooth_basalt":1,"iceandfire:ash":3,"born_in_chaos_v1:ethereal_spirit":4,"minecraft:dandelion":15,"born_in_chaos_v1:dark_rod":4,"minecraft:spruce_sapling":4,"minecraft:spruce_log":7,"the_pillager_legion_:legion_axe_tpl":1,"soul_like_armors_reworked:rustysteelmace":1,"minecraft:spider_eye":6,"travelersbackpack:wolf":1,"soul_like_armors_reworked:dark_knight_chestplate":1,"xpbook:xp_tome":1,"minecraft:painting":1,"iceandfire:ice_dragon_flesh":3,"minecraft:baked_potato":61,"projectvibrantjourneys:orange_bark_mushroom":4,"soul_like_armors_reworked:rustysteel_leggings":1,"minecraft:coal":218,"minecraft:ender_pearl":2},"minecraft:killed":{"born_in_chaos_v1:zombie_lumberjack":1,"born_in_chaos_v1:restless_spirit":4,"born_in_chaos_v1:skeleton_demoman":1,"pots_and_mimics:pot_crab":1,"minecraft:spider":2,"farlanders:fanmade_enderman":1,"gamma_beasts:skinno_c":11,"minecraft:skeleton":17,"bloodandmadness:beast_patient":6,"polly_pets:bernese_mountain_dog":2,"born_in_chaos_v1:supreme_bonescaller_stage_2":1,"epicsamurai:enenra":1,"farlanders:rebel":2,"minecraft:zombie_villager":1,"minecraft:creeper":4,"minecraft:sheep":1,"minecraft:pillager":3,"minecraft:zombie":9,"born_in_chaos_v1:dread_hound":6,"the_pillager_legion_:heavy_infantryman_tpl":6,"born_in_chaos_v1:corpse_fly":6,"iceandfire:sea_serpent":2,"alexsmobs:jerboa":1,"polly_pets:bull_terrier":18,"bloodandmadness:cloaked_beast_patient":1,"the_pillager_legion_:gladuisman_tpl":5,"minecraft:vindicator":1,"alexsmobs:rattlesnake":7,"born_in_chaos_v1:maggot":16,"bloodandmadness:huntsman_axe":1,"ancient_elements:undead_miner":1,"minecraft:drowned":2,"farlanders:classic_enderman":2,"polly_pets:bull_terrier_puppy":1,"minecraft:husk":2,"alexsmobs:guster":3,"farlanders:looter":2,"born_in_chaos_v1:bone_imp_minion":4,"born_in_chaos_v1:baby_skeleton":2,"knightquest:ratman":1,"ancient_elements:aetherial_glaze":2,"born_in_chaos_v1:decrepit_skeleton":5,"the_pillager_legion_:veteran_infantryman_tpl":15,"born_in_chaos_v1:decaying_zombie":1,"knightquest:lizzy":4,"gamma_beasts:skinno_a":13,"pots_and_mimics:poison_pot_crab":2,"born_in_chaos_v1:dark_vortex":2,"iceandfire:ice_dragon":1,"the_pillager_legion_:infantryman_tpl":15,"minecraft:wither_skeleton":1},"minecraft:used":{"minecraft:spruce_slab":25,"minecraft:diamond_hoe":54,"minecraft:nether_wart":20,"minecraft:stone":112,"supplementaries:globe":1,"minecraft:glass":12,"mcdw:bow_winters_touch":271,"twilightforest:time_fence":33,"epicfight:diamond_greatsword":2,"minecraft:stone_bricks":1,"minecraft:hay_block":18,"minecraft:scaffolding":1,"minecraft:acacia_fence":3,"variantvanillablocks:acacia_barrel":1,"epicfight:skillbook":1,"minecraft:jungle_fence":33,"minecraft:ender_pearl":2,"mcwdoors:birch_glass_door":2,"minecraft:sugar_cane":14,"minecraft:sand":109,"runecraft_metals_of_gielinor:mithril_armor_boots":1,"cfm:spruce_upgraded_fence":4,"the_pillager_legion_:legion_flaming_sword":280,"minecraft:bread":39,"runecraft_metals_of_gielinor:runite_armor_helmet":1,"iceandfire:dragon_skull_fire":2,"twilightforest:canopy_fence_gate":1,"heartstone:heartstone":11,"iceandfire:armor_gray_helmet":1,"minecraft:armor_stand":3,"soul_like_armors_reworked:estusflask":7,"minecraft:torch":330,"minecraft:dirt":587,"minecraft:brewing_stand":2,"minecraft:spyglass":14,"gamma_beasts:crasu_spawn_spawn_egg":4,"minecraft:iron_axe":38,"minecraft:smooth_sandstone":2,"minecraft:jungle_log":7,"minecraft:cobbled_deepslate":92,"minecraft:cherry_log":11,"minecraft:water_bucket":43,"minecraft:birch_planks":53,"minecraft:mossy_cobblestone":33,"ancient_elements:galactrium_sword":1,"born_in_chaos_v1:skullbreaker_hammer":67,"minecraft:painting":1,"travelersbackpack:wolf":14,"minecraft:spruce_log":17,"minecraft:diamond_pickaxe":2505,"minecraft:cherry_door":1,"farlanders:nightfall_sword":1,"minecraft:netherite_axe":7,"minecraft:spruce_sapling":4,"minecraft:cobblestone":97,"minecraft:cooked_porkchop":2,"minecraft:glass_pane":27,"minecraft:soul_torch":30},"minecraft:mined":{"minecraft:spruce_planks":1,"farmersdelight:rich_soil":3,"minecraft:sculk_vein":4,"minecraft:jungle_leaves":1,"minecraft:brewing_stand":2,"runecraft_metals_of_gielinor:runite_ore":19,"minecraft:cave_vines_plant":1,"minecraft:budding_amethyst":1,"runecraft_metals_of_gielinor:deepslate_runite_ore":55,"minecraft:grass_block":1,"epicsamurai:silver_ore":22,"runecraft_metals_of_gielinor:deepslate_tin_ore":9,"minecraft:deepslate_bricks":5,"minecraft:coal_block":72,"minecraft:nether_wart":20,"minecraft:gilded_blackstone":2,"minecraft:sandstone_stairs":11,"minecraft:spawner":11,"weapons_deluxe:platinumore":6,"minecraft:raw_iron_block":5,"minecraft:sculk_catalyst":2,"minecraft:cobbled_deepslate":1,"weapons_deluxe:deepslateplatinumore":31,"minecraft:iron_ore":154,"minecraft:barrel":4,"minecraft:fire":2,"ancient_elements:tin_ore":14,"minecraft:deepslate_lapis_ore":4,"minecraft:sculk_shrieker":1,"minecraft:cave_vines":3,"epicsamurai:deepslate_silver_ore":15,"minecraft:iron_bars":4,"runecraft_metals_of_gielinor:deepslate_mithril_ore":27,"minecraft:azalea":1,"projectvibrantjourneys:cattail":1,"weapons_deluxe:deepslaterubiore":22,"minecraft:deepslate_redstone_ore":31,"minecraft:blackstone":11,"minecraft:soul_fire":1,"minecraft:blue_stained_glass":1,"twilightforest:canopy_fence_gate":1,"iceandfire:dragon_ice_spikes":187,"minecraft:clay":6,"minecraft:torch":3,"minecraft:calcite":15,"minecraft:chest":21,"minecraft:dead_bush":1,"minecraft:honeycomb_block":12,"minecraft:smooth_sandstone_slab":1,"minecraft:wall_torch":5,"ancient_elements:deepslate_steel_ore":5,"runecraft_metals_of_gielinor:adamantite_ore":14,"minecraft:birch_log":7,"epicsamurai:aquamarine_ore":6,"projectvibrantjourneys:bones":2,"runecraft_metals_of_gielinor:tin_ore":95,"minecraft:grass":6,"minecraft:sand":50,"minecraft:dirt":2,"minecraft:smooth_basalt":1,"minecraft:deepslate":158,"the_pillager_legion_:legion_cut_sandstone":2,"minecraft:red_carpet":2,"minecraft:tuff":3,"iceandfire:silver_ore":17,"ancient_elements:lead_ore":100,"minecraft:deepslate_diamond_ore":4,"projectvibrantjourneys:rocks":3,"minecraft:glow_lichen":1,"gravestone:gravestone":3,"epicsamurai:deepslate_ruby_ore":6,"born_in_chaos_v1:black_argillite":4,"weapons_deluxe:rubiore":5,"iceandfire:deepslate_silver_ore":2,"iceandfire:frozen_splinters":35,"minecraft:moss_block":11,"minecraft:sandstone":6,"minecraft:hay_block":65,"minecraft:redstone_ore":1,"minecraft:raw_gold_block":6,"gamma_beasts:prehnite_ore":25,"runecraft_metals_of_gielinor:deepslate_adamantite_ore":31,"minecraft:gold_block":2,"minecraft:deepslate_iron_ore":67,"ancient_elements:palladium_ore":4,"minecraft:rail":2,"runecraft_metals_of_gielinor:anthracite_ore":233,"minecraft:stone":296,"ancient_elements:deepslate_lead_ore":1,"minecraft:cake":1,"ancient_elements:steel_ore":80,"minecraft:scaffolding":1,"minecraft:flowering_azalea":1,"epicsamurai:jade_ore":9,"minecraft:glass_pane":1,"epicsamurai:deepslate_aquamarine_ore":2,"minecraft:smooth_sandstone":7,"minecraft:sculk_sensor":8,"minecraft:tall_grass":2,"minecraft:dried_kelp_block":1,"minecraft:deepslate_gold_ore":29,"minecraft:lapis_ore":9,"minecraft:sculk":2,"runecraft_metals_of_gielinor:mithril_ore":15,"minecraft:coarse_dirt":6,"minecraft:ice":275,"minecraft:spruce_log":6,"minecraft:birch_leaves":4,"minecraft:coal_ore":103,"minecraft:cobweb":1,"minecraft:polished_blackstone":3,"minecraft:stone_bricks":1,"minecraft:gold_ore":6,"pots_and_mimics:treasure_pot":11,"epicsamurai:ruby_ore":21},"minecraft:killed_by":{"ancient_elements:aetherial_glaze":1,"the_pillager_legion_:veteran_infantryman_tpl":1,"minecraft:player":1},"minecraft:custom":{"minecraft:interact_with_crafting_table":1,"minecraft:open_barrel":356,"minecraft:leave_game":15,"minecraft:time_since_death":149439,"minecraft:damage_resisted":4,"minecraft:sprint_one_cm":1120493,"minecraft:drop":51,"minecraft:play_time":725622,"minecraft:deaths":3,"minecraft:jump":5617,"minecraft:walk_on_water_one_cm":248037,"minecraft:enchant_item":4,"minecraft:interact_with_furnace":2,"minecraft:interact_with_cartography_table":1,"minecraft:sleep_in_bed":13,"minecraft:damage_dealt":32082,"minecraft:crouch_one_cm":45500,"minecraft:interact_with_smithing_table":5,"minecraft:interact_with_anvil":12,"minecraft:mob_kills":240,"minecraft:inspect_hopper":1,"minecraft:damage_dealt_resisted":1198,"minecraft:climb_one_cm":43205,"minecraft:walk_one_cm":4565144,"minecraft:damage_dealt_absorbed":139,"minecraft:sneak_time":15541,"minecraft:walk_under_water_one_cm":114174,"minecraft:interact_with_blast_furnace":29,"minecraft:total_world_time":780818,"minecraft:interact_with_grindstone":1,"minecraft:time_since_rest":12986,"minecraft:damage_taken":1323,"minecraft:damage_absorbed":7552,"minecraft:swim_one_cm":178244,"minecraft:fly_one_cm":2730313,"minecraft:open_chest":234,"minecraft:fall_one_cm":109916},"minecraft:dropped":{"the_pillager_legion_:legion_flaming_sword":1,"minecraft:moss_block":1,"minecraft:brown_mushroom":2,"minecraft:oak_pressure_plate":1,"minecraft:dark_oak_sapling":19,"minecraft:honeycomb":1,"runecraft_metals_of_gielinor:runite_armor_chestplate":1,"xpbook:xp_tome":1,"projectvibrantjourneys:orange_bark_mushroom":1,"minecraft:dirt":2,"runecraft_metals_of_gielinor:runite_armor_leggings":1,"born_in_chaos_v1:monster_skin":1,"minecraft:cornflower":5,"the_pillager_legion_:legion_sword_tpl":2,"gravestone:obituary":3,"minecraft:sand":1,"minecraft:bone":8,"minecraft:blackstone":1,"supplementaries:ash":2,"projectvibrantjourneys:light_brown_bark_mushroom":1,"minecraft:skeleton_skull":1,"born_in_chaos_v1:corpse_maggot":2,"born_in_chaos_v1:skullbreaker_hammer":2,"born_in_chaos_v1:dark_rod":2,"epicfight:diamond_greatsword":1,"minecraft:iron_ingot":1,"born_in_chaos_v1:shattered_skull":1,"minecraft:wheat_seeds":1,"minecraft:tropical_fish":1,"minecraft:grass_block":1,"runecraft_metals_of_gielinor:runite_armor_boots":1,"born_in_chaos_v1:black_argillite":1,"weapons_deluxe:rubigem":3,"runecraft_metals_of_gielinor:runite_armor_helmet":1,"minecraft:smooth_basalt":1,"minecraft:raw_copper":1,"minecraft:tuff":2,"minecraft:clay_ball":4,"minecraft:deepslate_bricks":4,"minecraft:stone":1,"mcdw:bow_winters_touch":1,"epicsamurai:ruby":13,"minecraft:blue_orchid":2,"minecraft:calcite":3},"minecraft:broken":{"iceandfire:armor_gray_helmet":1}},"DataVersion":3465}