{"stats":{"minecraft:killed_by":{"minecraft:player":1,"ancient_elements:aetherial_glaze":1},"minecraft:mined":{"the_pillager_legion_:legion_cut_sandstone":2,"minecraft:red_carpet":2,"minecraft:spruce_planks":1,"farmersdelight:rich_soil":3,"iceandfire:silver_ore":7,"ancient_elements:lead_ore":24,"projectvibrantjourneys:rocks":2,"minecraft:brewing_stand":2,"runecraft_metals_of_gielinor:runite_ore":2,"gravestone:gravestone":2,"epicsamurai:silver_ore":6,"iceandfire:frozen_splinters":3,"minecraft:moss_block":3,"minecraft:nether_wart":20,"minecraft:sandstone":6,"minecraft:spawner":5,"minecraft:gilded_blackstone":2,"minecraft:sandstone_stairs":11,"minecraft:hay_block":21,"weapons_deluxe:platinumore":2,"minecraft:barrel":4,"gamma_beasts:prehnite_ore":14,"ancient_elements:tin_ore":13,"minecraft:iron_bars":4,"epicsamurai:deepslate_silver_ore":1,"runecraft_metals_of_gielinor:anthracite_ore":2,"minecraft:azalea":1,"minecraft:stone":17,"minecraft:cake":1,"ancient_elements:steel_ore":17,"minecraft:flowering_azalea":1,"epicsamurai:jade_ore":4,"minecraft:clay":1,"minecraft:smooth_sandstone":7,"iceandfire:dragon_ice_spikes":111,"minecraft:calcite":1,"minecraft:smooth_sandstone_slab":1,"runecraft_metals_of_gielinor:adamantite_ore":5,"runecraft_metals_of_gielinor:mithril_ore":10,"runecraft_metals_of_gielinor:tin_ore":94,"minecraft:sand":7,"minecraft:dirt":2,"minecraft:polished_blackstone":3,"minecraft:stone_bricks":1,"pots_and_mimics:treasure_pot":1,"minecraft:deepslate":1},"minecraft:custom":{"minecraft:interact_with_smithing_table":5,"minecraft:interact_with_anvil":12,"minecraft:mob_kills":91,"minecraft:inspect_hopper":1,"minecraft:open_barrel":165,"minecraft:damage_dealt_resisted":1198,"minecraft:leave_game":8,"minecraft:time_since_death":91156,"minecraft:climb_one_cm":29124,"minecraft:sprint_one_cm":490457,"minecraft:walk_one_cm":1812378,"minecraft:drop":12,"minecraft:damage_dealt_absorbed":54,"minecraft:play_time":333219,"minecraft:deaths":2,"minecraft:sneak_time":5384,"minecraft:walk_under_water_one_cm":38931,"minecraft:jump":1865,"minecraft:interact_with_blast_furnace":10,"minecraft:walk_on_water_one_cm":56638,"minecraft:total_world_time":388415,"minecraft:interact_with_cartography_table":1,"minecraft:interact_with_grindstone":1,"minecraft:sleep_in_bed":2,"minecraft:time_since_rest":2267,"minecraft:damage_taken":1010,"minecraft:damage_absorbed":2397,"minecraft:damage_dealt":11467,"minecraft:swim_one_cm":43985,"minecraft:fly_one_cm":2345529,"minecraft:open_chest":109,"minecraft:crouch_one_cm":18039,"minecraft:fall_one_cm":39418},"minecraft:killed":{"polly_pets:bull_terrier":7,"born_in_chaos_v1:zombie_lumberjack":1,"born_in_chaos_v1:restless_spirit":2,"born_in_chaos_v1:skeleton_demoman":1,"the_pillager_legion_:gladuisman_tpl":5,"minecraft:vindicator":1,"minecraft:spider":2,"farlanders:fanmade_enderman":1,"alexsmobs:rattlesnake":2,"born_in_chaos_v1:maggot":6,"minecraft:skeleton":4,"bloodandmadness:beast_patient":2,"bloodandmadness:huntsman_axe":1,"born_in_chaos_v1:supreme_bonescaller_stage_2":1,"farlanders:classic_enderman":1,"alexsmobs:guster":2,"farlanders:looter":1,"born_in_chaos_v1:bone_imp_minion":4,"born_in_chaos_v1:baby_skeleton":2,"knightquest:ratman":1,"ancient_elements:aetherial_glaze":1,"minecraft:creeper":1,"born_in_chaos_v1:decrepit_skeleton":3,"the_pillager_legion_:veteran_infantryman_tpl":7,"minecraft:pillager":3,"minecraft:zombie":3,"born_in_chaos_v1:dread_hound":2,"knightquest:lizzy":3,"the_pillager_legion_:heavy_infantryman_tpl":6,"born_in_chaos_v1:corpse_fly":2,"born_in_chaos_v1:dark_vortex":1,"the_pillager_legion_:infantryman_tpl":3,"alexsmobs:jerboa":1},"minecraft:dropped":{"minecraft:iron_ingot":1,"minecraft:wheat_seeds":1,"minecraft:grass_block":1,"minecraft:cornflower":5,"born_in_chaos_v1:monster_skin":1,"gravestone:obituary":2,"minecraft:bone":8,"minecraft:stone":1,"minecraft:blue_orchid":2,"born_in_chaos_v1:dark_rod":2},"minecraft:used":{"minecraft:armor_stand":3,"minecraft:spruce_slab":1,"minecraft:diamond_hoe":10,"minecraft:nether_wart":20,"minecraft:stone":112,"soul_like_armors_reworked:estusflask":7,"minecraft:torch":23,"supplementaries:globe":1,"minecraft:brewing_stand":2,"minecraft:dirt":547,"gamma_beasts:crasu_spawn_spawn_egg":4,"minecraft:smooth_sandstone":2,"mcdw:bow_winters_touch":31,"minecraft:jungle_log":7,"minecraft:stone_bricks":1,"minecraft:cherry_log":11,"variantvanillablocks:acacia_barrel":1,"epicfight:skillbook":1,"minecraft:water_bucket":43,"minecraft:ender_pearl":2,"mcwdoors:birch_glass_door":2,"minecraft:sugar_cane":14,"minecraft:mossy_cobblestone":33,"minecraft:sand":69,"ancient_elements:galactrium_sword":1,"born_in_chaos_v1:skullbreaker_hammer":30,"travelersbackpack:wolf":3,"minecraft:diamond_pickaxe":391,"cfm:spruce_upgraded_fence":4,"the_pillager_legion_:legion_flaming_sword":101,"minecraft:cherry_door":1,"farlanders:nightfall_sword":1,"minecraft:bread":13,"minecraft:netherite_axe":7,"iceandfire:dragon_skull_fire":2,"minecraft:cooked_porkchop":2,"heartstone:heartstone":6,"minecraft:soul_torch":30},"minecraft:picked_up":{"minecraft:wheat":9,"minecraft:nether_wart":53,"minecraft:ladder":2,"minecraft:clay_ball":4,"farmersdelight:rice_panicle":70,"minecraft:enchanted_book":1,"minecraft:stripped_cherry_log":1,"minecraft:brewing_stand":2,"minecraft:shield":1,"minecraft:cornflower":16,"soul_like_armors_reworked:rustysteel_chestplate":1,"iceandfire:frozen_splinters":3,"minecraft:moss_carpet":2,"minecraft:armor_stand":3,"epicsamurai:jade":14,"minecraft:blue_orchid":2,"minecraft:beetroot":2,"bloodandmadness:blood_vial":3,"farmersdelight:cabbage":122,"minecraft:white_tulip":12,"iceandfire:myrmex_desert_resin":20,"minecraft:written_book":1,"minecraft:azalea":20,"minecraft:poppy":2,"minecraft:sugar_cane":92,"the_pillager_legion_:legion_armor_helmet":1,"minecraft:egg":3,"iceandfire:dragonbone":7,"minecraft:stick":23,"minecraft:sandstone":6,"ancient_elements:raw_steel":43,"minecraft:stone":1,"farmersdelight:rotten_tomato":1,"runecraft_metals_of_gielinor:raw_adamantite":5,"projectvibrantjourneys:bark_mushroom":3,"minecraft:torch":1,"minecraft:acacia_log":1,"ancient_elements:raw_tin":27,"minecraft:carrot":192,"minecraft:smooth_sandstone_slab":1,"soul_like_armors_reworked:estusflask":12,"minecraft:honey_bottle":16,"minecraft:rotten_flesh":8,"farmersdelight:onion":214,"minecraft:hay_block":23,"minecraft:sandstone_stairs":11,"bloodandmadness:sanguisteel_nugget":1,"projectvibrantjourneys:cattail":1,"supplementaries:ash":9,"runecraft_metals_of_gielinor:raw_runite":2,"minecraft:iron_bars":3,"minecraft:cobblestone":16,"gamma_beasts:pear":45,"born_in_chaos_v1:corpse_maggot":4,"farmersdelight:rich_soil":3,"minecraft:leather_chestplate":3,"farmersdelight:rice":7,"born_in_chaos_v1:monster_flesh":2,"projectvibrantjourneys:fallen_leaves":7,"minecraft:red_mushroom":72,"gamma_beasts:prehnite":35,"minecraft:potato":24,"ancient_elements:raw_lead":51,"ring_of_teleport:ring_of_teleport":3,"runecraft_metals_of_gielinor:raw_tin":94,"minecraft:oak_log":1,"minecraft:gunpowder":2,"farmersdelight:tomato":41,"minecraft:dirt":18,"born_in_chaos_v1:monster_skin":1,"minecraft:smooth_sandstone":6,"minecraft:red_carpet":2,"minecraft:bone":17,"minecraft:apple":14,"minecraft:stone_bricks":1,"minecraft:wheat_seeds":33,"minecraft:iron_ingot":3,"runecraft_metals_of_gielinor:anthracite":2,"epicsamurai:raw_silver":15,"minecraft:flowering_azalea":9,"minecraft:cooked_porkchop":4,"the_pillager_legion_:legion_cut_sandstone":2,"ecologics:prickly_pear":2,"minecraft:dandelion":15,"iceandfire:dragon_skull_fire":2,"born_in_chaos_v1:dark_rod":2,"minecraft:sand":13,"soul_like_armors_reworked:dark_knight_leggings":2,"minecraft:grass_block":1,"soul_like_armors_reworked:rustysteelmace":1,"minecraft:spider_eye":1,"soul_like_armors_reworked:dark_knight_chestplate":1,"runecraft_metals_of_gielinor:raw_mithril":10,"knightquest:small_essence":1,"minecraft:golden_apple":9,"weapons_deluxe:rawplatinum":2,"minecraft:emerald":1,"minecraft:baked_potato":61,"projectvibrantjourneys:orange_bark_mushroom":3,"soul_like_armors_reworked:rustysteel_leggings":1,"iceandfire:raw_silver":17,"minecraft:ender_pearl":2},"minecraft:crafted":{"ancient_elements:tin_helmet":1,"ancient_elements:tin_boots":1,"ancient_elements:tin_chestplate":1,"ancient_elements:tin_ingot":24,"travelersbackpack:wolf":2,"minecraft:iron_ingot":116,"minecraft:gold_ingot":7,"ancient_elements:tin_leggings":1}},"DataVersion":3465}