{"stats":{"minecraft:killed":{"polly_pets:bull_terrier":18,"born_in_chaos_v1:zombie_lumberjack":1,"born_in_chaos_v1:restless_spirit":3,"born_in_chaos_v1:skeleton_demoman":1,"the_pillager_legion_:gladuisman_tpl":5,"minecraft:vindicator":1,"minecraft:spider":2,"farlanders:fanmade_enderman":1,"alexsmobs:rattlesnake":6,"born_in_chaos_v1:maggot":8,"minecraft:skeleton":5,"gamma_beasts:skinno_c":11,"bloodandmadness:beast_patient":2,"bloodandmadness:huntsman_axe":1,"born_in_chaos_v1:supreme_bonescaller_stage_2":1,"farlanders:classic_enderman":1,"polly_pets:bull_terrier_puppy":1,"minecraft:husk":2,"alexsmobs:guster":3,"farlanders:looter":2,"born_in_chaos_v1:bone_imp_minion":4,"minecraft:zombie_villager":1,"born_in_chaos_v1:baby_skeleton":2,"knightquest:ratman":1,"ancient_elements:aetherial_glaze":2,"minecraft:creeper":3,"born_in_chaos_v1:decrepit_skeleton":3,"the_pillager_legion_:veteran_infantryman_tpl":7,"minecraft:sheep":1,"minecraft:pillager":3,"minecraft:zombie":4,"born_in_chaos_v1:dread_hound":3,"knightquest:lizzy":4,"gamma_beasts:skinno_a":13,"the_pillager_legion_:heavy_infantryman_tpl":6,"born_in_chaos_v1:corpse_fly":4,"born_in_chaos_v1:dark_vortex":2,"the_pillager_legion_:infantryman_tpl":3,"alexsmobs:jerboa":1},"minecraft:mined":{"the_pillager_legion_:legion_cut_sandstone":2,"minecraft:tuff":1,"minecraft:red_carpet":2,"minecraft:spruce_planks":1,"farmersdelight:rich_soil":3,"iceandfire:silver_ore":12,"ancient_elements:lead_ore":28,"minecraft:jungle_leaves":1,"minecraft:brewing_stand":2,"projectvibrantjourneys:rocks":2,"runecraft_metals_of_gielinor:runite_ore":7,"gravestone:gravestone":2,"runecraft_metals_of_gielinor:deepslate_runite_ore":3,"epicsamurai:silver_ore":16,"runecraft_metals_of_gielinor:deepslate_tin_ore":3,"iceandfire:frozen_splinters":3,"minecraft:moss_block":3,"minecraft:nether_wart":20,"minecraft:sandstone":6,"minecraft:gilded_blackstone":2,"minecraft:sandstone_stairs":11,"minecraft:spawner":5,"minecraft:hay_block":21,"weapons_deluxe:platinumore":2,"minecraft:iron_ore":18,"weapons_deluxe:deepslateplatinumore":2,"minecraft:fire":2,"minecraft:barrel":4,"gamma_beasts:prehnite_ore":18,"ancient_elements:tin_ore":13,"minecraft:deepslate_iron_ore":12,"minecraft:iron_bars":4,"epicsamurai:deepslate_silver_ore":15,"runecraft_metals_of_gielinor:anthracite_ore":43,"runecraft_metals_of_gielinor:deepslate_mithril_ore":11,"minecraft:azalea":1,"minecraft:stone":25,"minecraft:cake":1,"ancient_elements:steel_ore":17,"minecraft:deepslate_redstone_ore":4,"minecraft:flowering_azalea":1,"epicsamurai:jade_ore":4,"minecraft:blackstone":10,"minecraft:smooth_sandstone":7,"minecraft:clay":1,"iceandfire:dragon_ice_spikes":111,"minecraft:calcite":1,"minecraft:dead_bush":1,"minecraft:deepslate_gold_ore":4,"minecraft:smooth_sandstone_slab":1,"minecraft:wall_torch":2,"runecraft_metals_of_gielinor:adamantite_ore":5,"runecraft_metals_of_gielinor:mithril_ore":10,"runecraft_metals_of_gielinor:tin_ore":94,"minecraft:sand":50,"minecraft:dirt":2,"minecraft:smooth_basalt":1,"minecraft:polished_blackstone":3,"minecraft:stone_bricks":1,"pots_and_mimics:treasure_pot":3,"minecraft:deepslate":5},"minecraft:crafted":{"twilightforest:time_planks":44,"ancient_elements:tin_helmet":1,"ancient_elements:tin_boots":1,"ancient_elements:tin_chestplate":1,"minecraft:acacia_fence":3,"minecraft:jungle_fence":33,"minecraft:birch_planks":16,"twilightforest:time_fence":33,"ancient_elements:tin_ingot":24,"minecraft:jungle_planks":44,"travelersbackpack:wolf":2,"minecraft:stick":60,"minecraft:iron_ingot":116,"minecraft:gold_ingot":7,"ancient_elements:tin_leggings":1,"minecraft:acacia_planks":8},"minecraft:dropped":{"minecraft:iron_ingot":1,"minecraft:wheat_seeds":1,"minecraft:grass_block":1,"minecraft:dirt":2,"minecraft:cornflower":5,"born_in_chaos_v1:monster_skin":1,"gravestone:obituary":2,"minecraft:smooth_basalt":1,"minecraft:bone":8,"minecraft:blackstone":1,"minecraft:clay_ball":4,"minecraft:stone":1,"born_in_chaos_v1:corpse_maggot":2,"minecraft:blue_orchid":2,"born_in_chaos_v1:dark_rod":2},"minecraft:killed_by":{"minecraft:player":1,"ancient_elements:aetherial_glaze":1},"minecraft:picked_up":{"minecraft:wheat":9,"minecraft:nether_wart":53,"minecraft:ladder":2,"minecraft:clay_ball":4,"gamma_beasts:fur":54,"farmersdelight:rice_panicle":70,"minecraft:enchanted_book":1,"minecraft:stripped_cherry_log":1,"minecraft:brewing_stand":2,"minecraft:shield":1,"minecraft:cornflower":16,"minecraft:moss_carpet":2,"soul_like_armors_reworked:rustysteel_chestplate":2,"iceandfire:frozen_splinters":3,"epicsamurai:jade":14,"minecraft:armor_stand":3,"minecraft:blackstone":1,"minecraft:blue_orchid":2,"minecraft:beetroot":2,"bloodandmadness:blood_vial":5,"minecraft:cobbled_deepslate":3,"farmersdelight:cabbage":122,"minecraft:white_tulip":12,"iceandfire:myrmex_desert_resin":20,"minecraft:written_book":1,"minecraft:azalea":20,"minecraft:poppy":2,"minecraft:sugar_cane":92,"the_pillager_legion_:legion_armor_helmet":1,"minecraft:egg":3,"iceandfire:dragonbone":7,"minecraft:stick":25,"minecraft:raw_iron":60,"minecraft:sandstone":6,"ancient_elements:raw_steel":43,"minecraft:stone":1,"farmersdelight:rotten_tomato":1,"born_in_chaos_v1:phantom_powder":1,"projectvibrantjourneys:bark_mushroom":3,"runecraft_metals_of_gielinor:raw_adamantite":5,"minecraft:torch":3,"minecraft:acacia_log":1,"ancient_elements:raw_tin":27,"minecraft:carrot":192,"minecraft:redstone":21,"minecraft:smooth_sandstone_slab":1,"soul_like_armors_reworked:estusflask":18,"minecraft:honey_bottle":16,"minecraft:rotten_flesh":8,"farmersdelight:onion":214,"minecraft:hay_block":23,"minecraft:sandstone_stairs":11,"bloodandmadness:sanguisteel_nugget":1,"projectvibrantjourneys:cattail":1,"supplementaries:ash":14,"runecraft_metals_of_gielinor:raw_runite":10,"minecraft:iron_bars":3,"minecraft:cobblestone":24,"gamma_beasts:pear":45,"born_in_chaos_v1:corpse_maggot":6,"farmersdelight:rich_soil":3,"minecraft:leather_chestplate":3,"epicfight:stone_spear":1,"farmersdelight:rice":7,"born_in_chaos_v1:monster_flesh":2,"projectvibrantjourneys:fallen_leaves":7,"minecraft:red_mushroom":72,"gamma_beasts:prehnite":45,"minecraft:potato":24,"ancient_elements:raw_lead":63,"runecraft_metals_of_gielinor:raw_tin":97,"ring_of_teleport:ring_of_teleport":3,"minecraft:oak_log":1,"minecraft:gunpowder":4,"farmersdelight:tomato":41,"minecraft:dirt":18,"knightquest:lizzy_scale":1,"born_in_chaos_v1:monster_skin":1,"minecraft:smooth_sandstone":6,"minecraft:red_carpet":2,"minecraft:bone":62,"minecraft:apple":14,"minecraft:stone_bricks":1,"minecraft:wheat_seeds":33,"minecraft:raw_gold":7,"minecraft:iron_ingot":3,"runecraft_metals_of_gielinor:anthracite":41,"epicsamurai:raw_silver":75,"minecraft:flowering_azalea":9,"minecraft:smooth_basalt":1,"minecraft:cooked_porkchop":4,"the_pillager_legion_:legion_cut_sandstone":2,"ecologics:prickly_pear":2,"born_in_chaos_v1:ethereal_spirit":3,"minecraft:dandelion":15,"iceandfire:dragon_skull_fire":2,"minecraft:sand":73,"born_in_chaos_v1:dark_rod":4,"soul_like_armors_reworked:dark_knight_leggings":2,"minecraft:grass_block":1,"soul_like_armors_reworked:rustysteelmace":1,"minecraft:spider_eye":1,"soul_like_armors_reworked:dark_knight_chestplate":1,"runecraft_metals_of_gielinor:raw_mithril":21,"knightquest:small_essence":1,"minecraft:painting":1,"minecraft:bone_meal":4,"minecraft:golden_apple":9,"weapons_deluxe:rawplatinum":4,"minecraft:emerald":1,"minecraft:baked_potato":61,"projectvibrantjourneys:orange_bark_mushroom":3,"soul_like_armors_reworked:rustysteel_leggings":1,"minecraft:coal":2,"iceandfire:raw_silver":25,"minecraft:ender_pearl":2},"minecraft:custom":{"minecraft:interact_with_smithing_table":5,"minecraft:interact_with_anvil":12,"minecraft:mob_kills":155,"minecraft:inspect_hopper":1,"minecraft:open_barrel":180,"minecraft:damage_dealt_resisted":1198,"minecraft:leave_game":9,"minecraft:time_since_death":145134,"minecraft:climb_one_cm":29538,"minecraft:sprint_one_cm":530751,"minecraft:walk_one_cm":2261702,"minecraft:drop":17,"minecraft:damage_dealt_absorbed":54,"minecraft:play_time":387197,"minecraft:deaths":2,"minecraft:sneak_time":7415,"minecraft:walk_under_water_one_cm":42683,"minecraft:jump":2337,"minecraft:interact_with_blast_furnace":10,"minecraft:walk_on_water_one_cm":104920,"minecraft:total_world_time":442393,"minecraft:interact_with_cartography_table":1,"minecraft:interact_with_grindstone":1,"minecraft:sleep_in_bed":3,"minecraft:time_since_rest":17035,"minecraft:damage_taken":1010,"minecraft:damage_absorbed":2766,"minecraft:damage_dealt":21456,"minecraft:swim_one_cm":43985,"minecraft:fly_one_cm":2392861,"minecraft:open_chest":110,"minecraft:crouch_one_cm":23837,"minecraft:fall_one_cm":52149},"minecraft:used":{"minecraft:armor_stand":3,"minecraft:spruce_slab":1,"minecraft:diamond_hoe":54,"minecraft:nether_wart":20,"minecraft:stone":112,"soul_like_armors_reworked:estusflask":7,"supplementaries:globe":1,"minecraft:torch":66,"minecraft:brewing_stand":2,"minecraft:dirt":585,"gamma_beasts:crasu_spawn_spawn_egg":4,"minecraft:smooth_sandstone":2,"mcdw:bow_winters_touch":105,"minecraft:jungle_log":7,"twilightforest:time_fence":33,"minecraft:stone_bricks":1,"minecraft:acacia_fence":3,"minecraft:cherry_log":11,"variantvanillablocks:acacia_barrel":1,"epicfight:skillbook":1,"minecraft:water_bucket":43,"minecraft:jungle_fence":33,"minecraft:ender_pearl":2,"mcwdoors:birch_glass_door":2,"minecraft:sugar_cane":14,"minecraft:mossy_cobblestone":33,"minecraft:sand":94,"ancient_elements:galactrium_sword":1,"born_in_chaos_v1:skullbreaker_hammer":51,"minecraft:painting":1,"travelersbackpack:wolf":3,"minecraft:diamond_pickaxe":555,"cfm:spruce_upgraded_fence":4,"the_pillager_legion_:legion_flaming_sword":197,"minecraft:cherry_door":1,"farlanders:nightfall_sword":1,"minecraft:bread":15,"minecraft:netherite_axe":7,"iceandfire:dragon_skull_fire":2,"minecraft:cooked_porkchop":2,"heartstone:heartstone":6,"minecraft:soul_torch":30}},"DataVersion":3465}