{"stats":{"minecraft:killed":{"born_in_chaos_v1:zombie_lumberjack":1,"born_in_chaos_v1:restless_spirit":4,"born_in_chaos_v1:skeleton_demoman":1,"pots_and_mimics:pot_crab":1,"minecraft:spider":2,"farlanders:fanmade_enderman":1,"gamma_beasts:skinno_c":11,"minecraft:skeleton":17,"bloodandmadness:beast_patient":5,"born_in_chaos_v1:supreme_bonescaller_stage_2":1,"epicsamurai:enenra":1,"farlanders:rebel":2,"minecraft:zombie_villager":1,"minecraft:creeper":4,"minecraft:sheep":1,"minecraft:pillager":3,"minecraft:zombie":7,"born_in_chaos_v1:dread_hound":5,"the_pillager_legion_:heavy_infantryman_tpl":6,"born_in_chaos_v1:corpse_fly":4,"alexsmobs:jerboa":1,"polly_pets:bull_terrier":18,"bloodandmadness:cloaked_beast_patient":1,"the_pillager_legion_:gladuisman_tpl":5,"minecraft:vindicator":1,"alexsmobs:rattlesnake":7,"born_in_chaos_v1:maggot":12,"bloodandmadness:huntsman_axe":1,"ancient_elements:undead_miner":1,"farlanders:classic_enderman":1,"polly_pets:bull_terrier_puppy":1,"minecraft:husk":2,"alexsmobs:guster":3,"farlanders:looter":2,"born_in_chaos_v1:bone_imp_minion":4,"born_in_chaos_v1:baby_skeleton":2,"knightquest:ratman":1,"ancient_elements:aetherial_glaze":2,"born_in_chaos_v1:decrepit_skeleton":5,"the_pillager_legion_:veteran_infantryman_tpl":13,"born_in_chaos_v1:decaying_zombie":1,"knightquest:lizzy":4,"gamma_beasts:skinno_a":13,"pots_and_mimics:poison_pot_crab":1,"born_in_chaos_v1:dark_vortex":2,"the_pillager_legion_:infantryman_tpl":9,"minecraft:wither_skeleton":1},"minecraft:mined":{"minecraft:spruce_planks":1,"farmersdelight:rich_soil":3,"minecraft:sculk_vein":4,"minecraft:jungle_leaves":1,"minecraft:brewing_stand":2,"runecraft_metals_of_gielinor:runite_ore":8,"minecraft:budding_amethyst":1,"runecraft_metals_of_gielinor:deepslate_tin_ore":9,"runecraft_metals_of_gielinor:deepslate_runite_ore":49,"epicsamurai:silver_ore":16,"minecraft:deepslate_bricks":2,"minecraft:coal_block":72,"minecraft:nether_wart":20,"minecraft:gilded_blackstone":2,"minecraft:sandstone_stairs":11,"minecraft:spawner":9,"weapons_deluxe:platinumore":4,"minecraft:sculk_catalyst":2,"minecraft:fire":2,"minecraft:iron_ore":105,"weapons_deluxe:deepslateplatinumore":25,"minecraft:barrel":4,"minecraft:cobbled_deepslate":1,"ancient_elements:tin_ore":14,"minecraft:deepslate_lapis_ore":3,"minecraft:sculk_shrieker":1,"epicsamurai:deepslate_silver_ore":15,"minecraft:iron_bars":4,"runecraft_metals_of_gielinor:deepslate_mithril_ore":17,"minecraft:azalea":1,"weapons_deluxe:deepslaterubiore":12,"minecraft:deepslate_redstone_ore":23,"minecraft:blackstone":11,"minecraft:soul_fire":1,"twilightforest:canopy_fence_gate":1,"iceandfire:dragon_ice_spikes":183,"minecraft:clay":1,"minecraft:torch":2,"minecraft:calcite":15,"minecraft:dead_bush":1,"minecraft:smooth_sandstone_slab":1,"minecraft:wall_torch":5,"runecraft_metals_of_gielinor:adamantite_ore":8,"runecraft_metals_of_gielinor:tin_ore":94,"minecraft:grass":2,"minecraft:sand":50,"minecraft:dirt":2,"minecraft:smooth_basalt":1,"minecraft:deepslate":135,"the_pillager_legion_:legion_cut_sandstone":2,"minecraft:tuff":1,"minecraft:red_carpet":2,"iceandfire:silver_ore":15,"ancient_elements:lead_ore":59,"projectvibrantjourneys:rocks":3,"gravestone:gravestone":2,"epicsamurai:deepslate_ruby_ore":2,"born_in_chaos_v1:black_argillite":3,"weapons_deluxe:rubiore":1,"iceandfire:frozen_splinters":14,"minecraft:moss_block":4,"minecraft:sandstone":6,"minecraft:hay_block":21,"minecraft:redstone_ore":1,"gamma_beasts:prehnite_ore":25,"runecraft_metals_of_gielinor:deepslate_adamantite_ore":18,"minecraft:gold_block":1,"minecraft:deepslate_iron_ore":57,"minecraft:rail":2,"ancient_elements:palladium_ore":1,"runecraft_metals_of_gielinor:anthracite_ore":179,"minecraft:stone":97,"minecraft:cake":1,"ancient_elements:steel_ore":48,"minecraft:flowering_azalea":1,"epicsamurai:jade_ore":9,"epicsamurai:deepslate_aquamarine_ore":2,"minecraft:smooth_sandstone":7,"minecraft:sculk_sensor":8,"minecraft:lapis_ore":4,"minecraft:deepslate_gold_ore":24,"minecraft:sculk":2,"runecraft_metals_of_gielinor:mithril_ore":13,"minecraft:coal_ore":99,"minecraft:polished_blackstone":3,"minecraft:stone_bricks":1,"minecraft:gold_ore":5,"pots_and_mimics:treasure_pot":10,"epicsamurai:ruby_ore":8},"minecraft:crafted":{"ancient_elements:tin_helmet":1,"weapons_deluxe:platinumarmor_leggings":1,"runecraft_metals_of_gielinor:runite_armor_chestplate":1,"weapons_deluxe:platinumarmor_boots":1,"runecraft_metals_of_gielinor:adamant_armor_chestplate":1,"runecraft_metals_of_gielinor:runite_armor_helmet":1,"minecraft:acacia_fence":3,"runecraft_metals_of_gielinor:runite_armor_leggings":1,"runecraft_metals_of_gielinor:adamant_armor_leggings":1,"runecraft_metals_of_gielinor:mithril_armor_leggings":1,"runecraft_metals_of_gielinor:mithril_armor_helmet":1,"minecraft:birch_planks":16,"twilightforest:time_fence":33,"ancient_elements:tin_ingot":24,"runecraft_metals_of_gielinor:mithril_armor_chestplate":1,"travelersbackpack:wolf":2,"minecraft:stick":92,"minecraft:iron_ingot":116,"minecraft:gold_ingot":7,"ancient_elements:tin_leggings":1,"twilightforest:time_planks":56,"runecraft_metals_of_gielinor:mithril_ingot":30,"ancient_elements:tin_boots":1,"ancient_elements:tin_chestplate":1,"runecraft_metals_of_gielinor:runite_armor_boots":1,"minecraft:jungle_fence":33,"runecraft_metals_of_gielinor:adamantite_ingot":23,"weapons_deluxe:platinumarmor_chestplate":1,"runecraft_metals_of_gielinor:adamant_armor_boots":1,"weapons_deluxe:platinumarmor_helmet":1,"minecraft:jungle_planks":44,"weapons_deluxe:platinumingot":24,"runecraft_metals_of_gielinor:mithril_armor_boots":1,"runecraft_metals_of_gielinor:runite_ingot":30,"runecraft_metals_of_gielinor:adamant_armor_helmet":1,"minecraft:acacia_planks":8,"minecraft:torch":216},"minecraft:dropped":{"xpbook:xp_tome":1,"minecraft:dirt":2,"born_in_chaos_v1:monster_skin":1,"minecraft:cornflower":5,"gravestone:obituary":2,"minecraft:bone":8,"minecraft:blackstone":1,"born_in_chaos_v1:corpse_maggot":2,"born_in_chaos_v1:skullbreaker_hammer":2,"born_in_chaos_v1:dark_rod":2,"minecraft:iron_ingot":1,"born_in_chaos_v1:shattered_skull":1,"minecraft:wheat_seeds":1,"minecraft:grass_block":1,"minecraft:smooth_basalt":1,"minecraft:clay_ball":4,"minecraft:deepslate_bricks":1,"minecraft:stone":1,"mcdw:bow_winters_touch":1,"minecraft:blue_orchid":2,"minecraft:calcite":3},"minecraft:killed_by":{"ancient_elements:aetherial_glaze":1,"minecraft:player":1},"minecraft:picked_up":{"minecraft:wheat":9,"gamma_beasts:fur":54,"farmersdelight:rice_panicle":70,"minecraft:enchanted_book":2,"minecraft:brewing_stand":2,"ancient_elements:raw_palladium":3,"soul_like_armors_reworked:rustysteel_chestplate":2,"minecraft:raw_copper":1,"minecraft:armor_stand":3,"minecraft:beetroot":2,"minecraft:cobbled_deepslate":126,"farmersdelight:cabbage":122,"minecraft:white_tulip":12,"iceandfire:myrmex_desert_resin":20,"minecraft:written_book":1,"minecraft:calcite":3,"minecraft:azalea":20,"minecraft:coal_block":68,"the_pillager_legion_:legion_armor_helmet":1,"minecraft:stick":25,"born_in_chaos_v1:shattered_skull":1,"farmersdelight:rotten_tomato":1,"born_in_chaos_v1:phantom_powder":1,"minecraft:torch":10,"minecraft:acacia_log":1,"epicfight:skillbook":1,"minecraft:honey_bottle":16,"minecraft:rotten_flesh":10,"minecraft:tropical_fish":1,"farmersdelight:onion":214,"gamma_beasts:coal_nugget":114,"projectvibrantjourneys:cattail":1,"mcdw:bow_winters_touch":1,"supplementaries:ash":16,"runecraft_metals_of_gielinor:raw_runite":57,"minecraft:iron_bars":3,"minecraft:cobblestone":92,"minecraft:leather_chestplate":3,"gamma_beasts:pear":45,"epicfight:stone_spear":1,"farmersdelight:rice":7,"projectvibrantjourneys:fallen_leaves":7,"gamma_beasts:prehnite":61,"minecraft:potato":24,"ancient_elements:raw_lead":140,"minecraft:lapis_lazuli":93,"farmersdelight:tomato":41,"minecraft:dirt":18,"knightquest:lizzy_scale":1,"born_in_chaos_v1:monster_skin":1,"minecraft:bone":84,"minecraft:wheat_seeds":34,"born_in_chaos_v1:skullbreaker_hammer":2,"minecraft:raw_gold":64,"minecraft:moss_block":1,"epicsamurai:raw_silver":75,"minecraft:cooked_porkchop":4,"ecologics:prickly_pear":2,"the_pillager_legion_:legion_cut_sandstone":2,"iceandfire:dragon_skull_fire":2,"minecraft:sand":73,"soul_like_armors_reworked:dark_knight_leggings":2,"minecraft:grass_block":1,"runecraft_metals_of_gielinor:raw_mithril":30,"knightquest:small_essence":2,"minecraft:bone_meal":4,"minecraft:golden_apple":9,"weapons_deluxe:rawplatinum":29,"minecraft:emerald":1,"epicsamurai:ruby":19,"iceandfire:raw_silver":31,"minecraft:ladder":2,"minecraft:nether_wart":53,"minecraft:clay_ball":4,"minecraft:gold_block":1,"minecraft:stripped_cherry_log":1,"minecraft:shield":1,"minecraft:cornflower":16,"iceandfire:frozen_splinters":14,"minecraft:moss_carpet":2,"epicsamurai:jade":22,"minecraft:blackstone":1,"minecraft:blue_orchid":2,"bloodandmadness:blood_vial":5,"minecraft:poppy":2,"minecraft:sugar_cane":92,"minecraft:egg":3,"twilightforest:canopy_fence_gate":1,"minecraft:sandstone":6,"minecraft:raw_iron":357,"ancient_elements:raw_steel":104,"iceandfire:dragonbone":7,"minecraft:stone":1,"projectvibrantjourneys:bark_mushroom":3,"runecraft_metals_of_gielinor:raw_adamantite":26,"ancient_elements:raw_tin":27,"minecraft:carrot":192,"minecraft:redstone":138,"minecraft:smooth_sandstone_slab":1,"soul_like_armors_reworked:estusflask":30,"minecraft:deepslate_bricks":1,"minecraft:hay_block":23,"minecraft:sandstone_stairs":11,"bloodandmadness:sanguisteel_nugget":1,"minecraft:skeleton_skull":1,"ancient_elements:dynamite_item":4,"born_in_chaos_v1:corpse_maggot":6,"farmersdelight:rich_soil":3,"born_in_chaos_v1:monster_flesh":2,"minecraft:red_mushroom":72,"ring_of_teleport:ring_of_teleport":3,"runecraft_metals_of_gielinor:raw_tin":103,"minecraft:oak_log":1,"minecraft:gunpowder":6,"minecraft:smooth_sandstone":6,"minecraft:red_carpet":2,"minecraft:apple":17,"minecraft:stone_bricks":1,"minecraft:iron_ingot":3,"weapons_deluxe:rubigem":13,"runecraft_metals_of_gielinor:anthracite":176,"epicsamurai:aquamarine":5,"minecraft:flowering_azalea":9,"minecraft:smooth_basalt":1,"born_in_chaos_v1:ethereal_spirit":3,"minecraft:dandelion":15,"born_in_chaos_v1:dark_rod":4,"the_pillager_legion_:legion_axe_tpl":1,"soul_like_armors_reworked:rustysteelmace":1,"minecraft:spider_eye":3,"soul_like_armors_reworked:dark_knight_chestplate":1,"xpbook:xp_tome":1,"minecraft:painting":1,"minecraft:baked_potato":61,"projectvibrantjourneys:orange_bark_mushroom":3,"soul_like_armors_reworked:rustysteel_leggings":1,"minecraft:coal":218,"minecraft:ender_pearl":2},"minecraft:custom":{"minecraft:open_barrel":248,"minecraft:leave_game":11,"minecraft:time_since_death":273150,"minecraft:sprint_one_cm":641373,"minecraft:drop":24,"minecraft:play_time":515213,"minecraft:deaths":2,"minecraft:jump":3610,"minecraft:walk_on_water_one_cm":113007,"minecraft:interact_with_cartography_table":1,"minecraft:sleep_in_bed":6,"minecraft:damage_dealt":25800,"minecraft:crouch_one_cm":39173,"minecraft:interact_with_smithing_table":5,"minecraft:interact_with_anvil":12,"minecraft:mob_kills":208,"minecraft:inspect_hopper":1,"minecraft:damage_dealt_resisted":1198,"minecraft:climb_one_cm":36149,"minecraft:walk_one_cm":3203924,"minecraft:damage_dealt_absorbed":117,"minecraft:sneak_time":12539,"minecraft:walk_under_water_one_cm":47531,"minecraft:interact_with_blast_furnace":26,"minecraft:total_world_time":570409,"minecraft:interact_with_grindstone":1,"minecraft:time_since_rest":14780,"minecraft:damage_taken":1010,"minecraft:damage_absorbed":3816,"minecraft:swim_one_cm":43985,"minecraft:fly_one_cm":2490063,"minecraft:open_chest":150,"minecraft:fall_one_cm":73690},"minecraft:used":{"minecraft:spruce_slab":1,"minecraft:diamond_hoe":54,"minecraft:nether_wart":20,"minecraft:stone":112,"supplementaries:globe":1,"mcdw:bow_winters_touch":157,"twilightforest:time_fence":33,"minecraft:stone_bricks":1,"minecraft:acacia_fence":3,"variantvanillablocks:acacia_barrel":1,"epicfight:skillbook":1,"minecraft:jungle_fence":33,"minecraft:ender_pearl":2,"mcwdoors:birch_glass_door":2,"minecraft:sugar_cane":14,"minecraft:sand":109,"runecraft_metals_of_gielinor:mithril_armor_boots":1,"cfm:spruce_upgraded_fence":4,"the_pillager_legion_:legion_flaming_sword":238,"minecraft:bread":23,"runecraft_metals_of_gielinor:runite_armor_helmet":1,"twilightforest:canopy_fence_gate":1,"iceandfire:dragon_skull_fire":2,"heartstone:heartstone":6,"iceandfire:armor_gray_helmet":1,"minecraft:armor_stand":3,"soul_like_armors_reworked:estusflask":7,"minecraft:torch":253,"minecraft:brewing_stand":2,"minecraft:dirt":587,"minecraft:spyglass":11,"gamma_beasts:crasu_spawn_spawn_egg":4,"minecraft:iron_axe":1,"minecraft:smooth_sandstone":2,"minecraft:jungle_log":7,"minecraft:cobbled_deepslate":92,"minecraft:cherry_log":11,"minecraft:water_bucket":43,"minecraft:mossy_cobblestone":33,"ancient_elements:galactrium_sword":1,"born_in_chaos_v1:skullbreaker_hammer":58,"minecraft:painting":1,"travelersbackpack:wolf":5,"minecraft:diamond_pickaxe":1612,"minecraft:cherry_door":1,"farlanders:nightfall_sword":1,"minecraft:netherite_axe":7,"minecraft:cobblestone":40,"minecraft:cooked_porkchop":2,"minecraft:soul_torch":30}},"DataVersion":3465}